Chr	Start	End	Name	Region_Type	Orientation
chr1	944203	960584	NOC2L-KLHL17	D	-+
chr1	998962	1001138	HES4-ISG15	D	-+
chr1	1216909	1232237	SDF4-B3GALT6	D	-+
chr1	1253909	1280436	UBE2J2-SCNN1D	D	-+
chr1	1311585	1324756	INTS11-CPTP	D	-+
chr1	1418420	1425871	ANKRD65-TMEM88B	D	-+
chr1	2321253	2391775	MORN1-RER1	D	-+
chr1	6221193	6244179	ICMT-HES3	D	-+
chr1	6412418	6424776	HES2-ESPN	D	-+
chr1	6521347	6555307	NOL9-TAS1R1	D	-+
chr1	9922113	9943428	LZIC-NMNAT1	D	-+
chr1	11674480	11691710	MAD2L2-DRAXIN	D	-+
chr1	11919591	11934205	KIAA2013-PLOD1	D	-+
chr1	12847377	12857086	HNRNPCL1-PRAMEF2	D	-+
chr1	13049476	13060769	PRAMEF27-HNRNPCL3	D	-+
chr1	13163914	13171848	HNRNPCL4-PRAMEF9	D	-+
chr1	15490832	15526813	CASP9-DNAJC16	D	-+
chr1	16246840	16352575	FBXO42-SZRD1	D	-+
chr1	16387117	16440721	SPATA21-NECAP2	D	-+
chr1	19215660	19251805	EMC1-MRTO4	D	-+
chr1	19303965	19312326	AKR7A2-SLC66A1	D	-+
chr1	23010834	23019443	TEX46-KDM1A	D	-+
chr1	25362249	25430858	RHCE-MACO1	D	-+
chr1	27379176	27392622	CD164L2-GPR3	D	-+
chr1	28199456	28236109	DNAJC8-ATP5IF1	D	-+
chr1	29192657	29236516	MECR-PTPRU	D	-+
chr1	31259568	31296982	SNRNP40-ZCCHC17	D	-+
chr1	32600172	32651142	ZBTB8OS-RBBP4	D	-+
chr1	33007940	33081104	AK2-AZIN2	D	-+
chr1	34981533	35032172	ENSG00000271741-ZMYM1	D	-+
chr1	37534449	37556919	SNIP1-DNALI1	D	-+
chr1	37681570	37692481	C1orf109-CDCA8	D	-+
chr1	37996770	38009258	FHL3-UTP11	D	-+
chr1	39678648	39692182	HPCAL4-PPIE	D	-+
chr1	42430329	42463221	ZMYND12-CCDC30	D	-+
chr1	43383917	43389882	MED8-SZT2	D	-+
chr1	44635238	44674692	TMEM53-ARMH1	D	-+
chr1	44805893	44808482	DYNLT4-BTBD19	D	-+
chr1	45493866	45500300	CCDC163-MMACHC	D	-+
chr1	45510914	45550543	PRDX1-AKR1A1	D	-+
chr1	45627304	45688181	GPBP1L1-TMEM69	D	-+
chr1	46261196	46303698	LRRC41-UQCRH	D	-+
chr1	48532854	50024029	AGBL4-ELAVL4	D	-+
chr1	50437028	50960745	FAF1-CDKN2C	D	-+
chr1	52020131	52056199	TXNDC12-BTF3L4	D	-+
chr1	52372829	52404602	ORC1-PRPF38A	D	-+
chr1	52895910	52927276	ECHDC2-SCP2	D	-+
chr1	53851719	53891239	YIPF1-DIO1	D	-+
chr1	53916574	53946085	HSPB11-LRRC42	D	-+
chr1	54026681	54053584	TMEM59-TCEANC2	D	-+
chr1	54779712	54806063	TTC22-LEXM	D	-+
chr1	66812885	66924895	DNAI4-MIER1	D	-+
chr1	70144805	70205682	LRRC40-SRSF11	D	-+
chr1	74026015	74198235	LRRIQ3-FPGT-TNNI3K	D	-+
chr1	77944055	77979542	FUBP1-GIPC2	D	-+
chr1	84925583	84999147	MCOLN2-DNAI3	D	-+
chr1	85318481	85580761	DDAH1-CCN1	D	-+
chr1	86862445	86914635	SELENOF-HS2ST1	D	-+
chr1	92074533	92080305	SETSIP-BTBD8	D	-+
chr1	92246402	92299059	GLMN-RPAP2	D	-+
chr1	100083563	100133150	SASS6-TRMT13	D	-+
chr1	100872372	100896076	EXTL2-SLC30A7	D	-+
chr1	112702614	112718905	ENSG00000271810-TAFA3	D	-+
chr1	113894194	113905213	AP4B1-DCLRE1B	D	-+
chr1	117863485	117929720	GDAP2-WDR3	D	-+
chr1	119619377	119648411	ZNF697-PHGDH	D	-+
chr1	144887265	145095974	SRGAP2B-FAM72D	D	-+
chr1	145917714	145927258	ENSG00000289565-ENSG00000280778	D	-+
chr1	149842218	149851061	H2AC18-H2AC19	D	-+
chr1	149884459	149886918	H2BC21-H2AC20	D	-+
chr1	150960583	150982249	CERS2-ANXA9	D	-+
chr1	150996549	151008420	MINDY1-PRUNE1	D	-+
chr1	151176304	151197949	VPS72-PIP5K1A	D	-+
chr1	152804832	152811971	LCE1C-LCE1B	D	-+
chr1	153330120	153357854	PGLYRP4-S100A9	D	-+
chr1	153661788	153678688	ILF2-NPR1	D	-+
chr1	153981617	153990762	RAB13-RPS27	D	-+
chr1	154548577	154567778	UBE2Q1-CHRNB2	D	-+
chr1	154962298	154974653	SHC1-CKS1B	D	-+
chr1	155018520	155033824	DCST2-DCST1	D	-+
chr1	155289293	155308748	PKLR-FDPS	D	-+
chr1	155749659	155859567	GON4L-SYT11	D	-+
chr1	155913045	155941638	KHDC4-RXFP4	D	-+
chr1	156035299	156054782	UBQLN4-LAMTOR2	D	-+
chr1	156072013	156082573	MEX3A-LMNA	D	-+
chr1	156249224	156282935	SMG5-TMEM79	D	-+
chr1	156525405	156579723	IQGAP3-TTC24	D	-+
chr1	160288594	160343316	COPA-NCSTN	D	-+
chr1	161070998	161098361	NECTIN4-KLHDC9	D	-+
chr1	161100556	161118086	PFDN2-NIT1	D	-+
chr1	161222292	161225939	APOA2-TOMM40L	D	-+
chr1	161304735	161314381	MPZ-SDHC	D	-+
chr1	162373203	162378841	SPATA46-C1orf226	D	-+
chr1	166895711	166975582	ILDR2-MAEL	D	-+
chr1	169132531	169367970	NME7-BLZF1	D	-+
chr1	176857302	177170958	ASTN1-BRINP2	D	-+
chr1	179839967	179882042	TOR1AIP2-TOR1AIP1	D	-+
chr1	182398117	182409192	TEDDM1-RGSL1	D	-+
chr1	183620846	183636085	ARPC5-RGL1	D	-+
chr1	185118101	185157080	TRMT1L-SWT1	D	-+
chr1	186311652	186375838	TPR-ODR4	D	-+
chr1	201896456	201955503	LMOD1-TIMM17A	D	-+
chr1	202331657	202348699	UBE2T-PPP1R12B	D	-+
chr1	203083129	203090654	MYOG-ADORA1	D	-+
chr1	207018522	207034366	C1orf116-PFKFB2	D	-+
chr1	212726153	212791828	NSL1-TATDN3	D	-+
chr1	217426992	217631324	GPATCH2-SPATA17	D	-+
chr1	220057482	220094132	BPNT1-IARS2	D	-+
chr1	228434777	228458103	H2AW-H2BU1	D	-+
chr1	229593121	229626247	TAF5L-URB2	D	-+
chr1	230690776	230747384	AGT-CAPN9	D	-+
chr1	230906243	230978981	TTC13-ARV1	D	-+
chr1	231223763	231241207	C1orf131-GNPAT	D	-+
chr1	235131634	235328570	ARID4B-TBCE	D	-+
chr1	243124428	243256034	CEP170-SDCCAG8	D	-+
chr1	244408494	244454377	ADSS2-CATSPERE	D	-+
chr1	246540561	246566444	TFB2M-CNST	D	-+
chr2	3188925	3379675	EIPR1-TRAPPC12	D	-+
chr2	9403475	9423651	ITGB1BP1-CPSF3	D	-+
chr2	11658178	11677595	NTSR2-LPIN1	D	-+
chr2	23748664	23927285	ATAD2B-UBXN2A	D	-+
chr2	24067586	24076526	SF3B6-FAM228B	D	-+
chr2	26457203	26562585	OTOF-FAM166C	D	-+
chr2	27070472	27078615	OST4-EMILIN1	D	-+
chr2	27098889	27123789	CGREF1-ABHD1	D	-+
chr2	27136848	27149004	PRR30-TCF23	D	-+
chr2	27364352	27370496	EIF2B4-SNX17	D	-+
chr2	27491883	27496839	FNDC4-GCKR	D	-+
chr2	31173056	31234152	CAPN14-EHD3	D	-+
chr2	36968383	37084451	HEATR5B-GPATCH11	D	-+
chr2	37201612	37231631	CEBPZ-NDUFAF7	D	-+
chr2	38743599	38751534	SRSF7-GEMIN6	D	-+
chr2	42442017	42494569	KCNG3-MTA3	D	-+
chr2	44316281	44361947	PREPL-CAMKMT	D	-+
chr2	61868085	61888724	CCT4-COMMD1	D	-+
chr2	68459422	68467572	FBXO48-APLF	D	-+
chr2	70149885	70257386	C2orf42-PCYOX1	D	-+
chr2	71109684	71130632	MCEE-MPHOSPH10	D	-+
chr2	73228010	73233420	PRADC1-CCT7	D	-+
chr2	73762184	73784189	DUSP11-C2orf78	D	-+
chr2	74152528	74186172	MOB1A-MTHFD2	D	-+
chr2	74393836	74421678	ENSG00000159239-WDR54	D	-+
chr2	74505043	74513463	PCGF1-TLX2	D	-+
chr2	74557883	74654228	M1AP-SEMA4F	D	-+
chr2	85394753	85418714	CAPG-SH2D6	D	-+
chr2	85544720	85561562	GGCX-VAMP8	D	-+
chr2	86020216	86106223	POLR1A-PTCD3	D	-+
chr2	86143932	86199355	IMMT-MRPL35	D	-+
chr2	88027205	88067825	KRCC1-SMYD1	D	-+
chr2	88556741	88691673	EIF2AK3-RPIA	D	-+
chr2	96248514	96266159	TMEM127-CIAO1	D	-+
chr2	96274338	96325317	SNRNP200-ITPRIPL1	D	-+
chr2	97655939	97664217	ACTR1B-C2orf92	D	-+
chr2	98599314	98608579	COA5-UNC50	D	-+
chr2	101007228	101252886	TBC1D8-CNOT11	D	-+
chr2	102714630	102736905	MFSD9-TMEM182	D	-+
chr2	105264391	105337532	TGFBRAP1-C2orf49	D	-+
chr2	109542799	109614364	SEPTIN10-SOWAHC	D	-+
chr2	113022089	113058638	IL36B-IL36RN	D	-+
chr2	119302225	119366924	C2orf76-DBI	D	-+
chr2	121726945	121737103	NIFK-TSN	D	-+
chr2	127436207	127535683	IWS1-MYO7B	D	-+
chr2	130337933	130342877	CCDC115-IMP4	D	-+
chr2	134964485	135052289	MAP3K19-RAB3GAP1	D	-+
chr2	135136916	135531455	ZRANB3-R3HDM1	D	-+
chr2	157736251	157876702	ACVR1-UPP2	D	-+
chr2	158171073	158456952	CCDC148-PKP4	D	-+
chr2	162267074	162318840	IFIH1-GCA	D	-+
chr2	169645425	169694488	CCDC173-KLHL23	D	-+
chr2	169810081	169827454	METTL5-UBR3	D	-+
chr2	174348022	174395730	CIR1-SCRN3	D	-+
chr2	176077472	176092721	EVX2-HOXD13	D	-+
chr2	177227595	177392746	NFE2L2-AGPS	D	-+
chr2	177623244	178112424	PDE11A-RBM45	D	-+
chr2	178463664	178480457	FKBP7-PLEKHA3	D	-+
chr2	200870907	200889327	PPIL3-NIF3L1	D	-+
chr2	201700267	201790461	ALS2-CDK15	D	-+
chr2	206114817	206159585	NDUFS1-EEF1B2	D	-+
chr2	206737763	206765357	MDH1B-FASTKD2	D	-+
chr2	208236229	208266255	IDH1-PIKFYVE	D	-+
chr2	210431249	210477682	LANCL1-CPS1	D	-+
chr2	217799588	218034960	TNS1-RUFY4	D	-+
chr2	218450251	218568580	USP37-CNOT9	D	-+
chr2	218663892	218672069	RNF25-STK36	D	-+
chr2	219209772	219229783	ENSG00000284820-ANKZF1	D	-+
chr2	227002714	227164624	COL4A4-COL4A3	D	-+
chr2	227614538	227616998	SCYGR3-SCYGR4	D	-+
chr2	227724440	227728335	SCYGR6-SCYGR7	D	-+
chr2	232543883	232550659	TIGD1-EIF4E2	D	-+
chr2	240676418	240691866	AQP12B-AQP12A	D	-+
chr2	240886048	240906330	MAB21L4-CROCC2	D	-+
chr2	241584405	241637213	THAP4-ATG4B	D	-+
chr2	241675747	241687085	DTYMK-ING5	D	-+
chr3	3066324	3126933	IL5RA-TRNT1	D	-+
chr3	10081317	10115675	FANCD2OS-BRK1	D	-+
chr3	14112077	14125015	CHCHD4-TMEM43	D	-+
chr3	14145147	14178817	XPC-LSM3	D	-+
chr3	16257061	16265160	DPH3-OXNAD1	D	-+
chr3	19879472	19947097	EFHB-RAB5A	D	-+
chr3	36985043	36993350	EPM2AIP1-MLH1	D	-+
chr3	38007496	38039205	PLCD1-DLEC1	D	-+
chr3	38103129	38138478	ACAA1-MYD88	D	-+
chr3	42705756	42809446	ENSG00000280571-ENSG00000273291	D	-+
chr3	44737661	44761721	KIAA1143-KIF15	D	-+
chr3	46435645	46494611	LTF-RTP3	D	-+
chr3	46668995	46694528	ALS2CL-TMIE	D	-+
chr3	49162535	49171598	CCDC71-KLHDC8B	D	-+
chr3	49177634	49198428	C3orf84-IHO1	D	-+
chr3	49683947	49689538	MST1-RNF123	D	-+
chr3	49790732	49803261	CDHR4-INKA1	D	-+
chr3	49907160	49940007	MON1A-RBM6	D	-+
chr3	50347330	50350892	NPRL2-ENSG00000272104	D	-+
chr3	51933429	51942345	RRP9-PARP3	D	-+
chr3	51957454	51974706	PCBP4-ABHD14A-ACY1	D	-+
chr3	52401008	52410660	BAP1-PHF7	D	-+
chr3	52451100	52455118	TNNC1-NISCH	D	-+
chr3	52708444	52777595	NEK4-ITIH1	D	-+
chr3	53812335	53846568	CHDH-IL17RB	D	-+
chr3	57197838	57227726	HESX1-APPL1	D	-+
chr3	69054730	69084937	UBA3-ARL6IP5	D	-+
chr3	93873051	93980139	PROS1-ARL13B	D	-+
chr3	100363431	100401532	TOMM70-LNP1	D	-+
chr3	108549864	108589705	CIP2A-DZIP3	D	-+
chr3	108958248	109118252	MORC1-C3orf85	D	-+
chr3	113716458	113747033	NAA50-ATP6V1A	D	-+
chr3	118900557	119147375	IGSF11-ENSG00000251012	D	-+
chr3	119428949	119468963	TMEM39A-POGLUT1	D	-+
chr3	121769761	121835183	IQCB1-EAF2	D	-+
chr3	122359591	122384161	MIX23-FAM162A	D	-+
chr3	122739999	122795069	HSPBAP1-SLC49A4	D	-+
chr3	126481166	126524155	UROC1-CHST13	D	-+
chr3	127571232	127598410	TPRA1-MCM2	D	-+
chr3	129401321	129429607	EFCAB12-IFT122	D	-+
chr3	138944224	138947217	FOXL2-FOXL2NB	D	-+
chr3	142949164	142964497	PAQR9-U2SURP	D	-+
chr3	167683298	167735243	PDCD10-SERPINI1	D	-+
chr3	169766921	169773396	ACTRT3-MYNN	D	-+
chr3	179588285	179604807	MRPL47-ENSG00000288698	D	-+
chr3	184242301	184249695	ALG3-EEF1AKMT4-ECE2	D	-+
chr3	184346185	184361710	CLCN2-POLR2H	D	-+
chr3	185190624	185282941	EHHADH-MAP3K13	D	-+
chr3	190305707	190322541	CLDN1-CLDN16	D	-+
chr3	193398967	193593144	ATP13A4-OPA1	D	-+
chr3	196197452	196211487	ZDHHC19-SLC51A	D	-+
chr3	196935402	196942674	NCBP2-NCBP2AS2	D	-+
chr4	425815	499210	ZNF721-PIGG	D	-+
chr4	849276	932387	GAK-TMEM175	D	-+
chr4	958887	986997	DGKQ-IDUA	D	-+
chr4	1692731	1712858	SLBP-TACC3	D	-+
chr4	1982717	2041995	NELFA-C4orf48	D	-+
chr4	2937933	2963571	NOP14-GRK4	D	-+
chr4	4267701	4290251	LYAR-ZBTB49	D	-+
chr4	5542772	5711201	EVC2-EVC	D	-+
chr4	6707701	6716174	MRFAP1L1-BLOC1S4	D	-+
chr4	17460261	17515165	QDPR-CLRN2	D	-+
chr4	17800655	17810979	DCAF16-NCAPG	D	-+
chr4	25120014	25160663	SEPSECS-PI4K2B	D	-+
chr4	39452587	39459004	RPL9-LIAS	D	-+
chr4	46918900	46993723	GABRA4-GABRB1	D	-+
chr4	56393362	56435741	PPAT-PAICS	D	-+
chr4	56963350	56977722	NOA1-POLR2B	D	-+
chr4	70655541	70688532	JCHAIN-UTP3	D	-+
chr4	76001275	76011184	CXCL9-ART3	D	-+
chr4	82422565	82430590	HNRNPDL-ENOPH1	D	-+
chr4	83407343	83455932	HELQ-MRPS18C	D	-+
chr4	88520998	88523810	PIGY-ENSG00000287542	D	-+
chr4	88725955	89111533	FAM13A-TIGD2	D	-+
chr4	99546709	99564081	TRMT10A-MTTP	D	-+
chr4	102794383	102868974	UBE2D3-CISD2	D	-+
chr4	112539333	112637077	ZGRF1-LARP7	D	-+
chr4	122888697	122923070	NUDT6-SPATA5	D	-+
chr4	140859807	141220887	RNF150-ZNF330	D	-+
chr4	152769354	152779937	TIGD4-ARFIP1	D	-+
chr4	169369704	169612633	NEK1-CLCN3	D	-+
chr4	174236658	174283730	FBXO8-CEP44	D	-+
chr4	174636920	174829668	GLRA3-ADAM29	D	-+
chr4	183639635	183659267	RWDD4-TRAPPC11	D	-+
chr4	184627696	184649667	CASP3-PRIMPOL	D	-+
chr4	185363872	185396021	LRP2BP-ANKRD37	D	-+
chr4	185399537	185426249	UFSP2-C4orf47	D	-+
chr5	1798385	1801407	MRPL36-NDUFS6	D	-+
chr5	6599239	6633427	NSUN2-SRD5A1	D	-+
chr5	7830378	7851186	C5orf49-MTRR	D	-+
chr5	10225507	10249929	ATPSCKMT-CCT5	D	-+
chr5	17490967	17498231	H3Y2-TAF11L2	D	-+
chr5	17597232	17604177	TAF11L10-TAF11L11	D	-+
chr5	31400494	31532287	DROSHA-C5orf22	D	-+
chr5	36098407	36151989	LMBRD2-SKP2	D	-+
chr5	37288137	37379285	NUP155-WDR70	D	-+
chr5	40825262	40841308	RPL37-CARD6	D	-+
chr5	54977867	55024256	ESM1-GZMK	D	-+
chr5	55256055	55307989	DHX29-MTREX	D	-+
chr5	60866454	60945177	ERCC8-NDUFAF2	D	-+
chr5	65517766	65563236	CENPK-PPWD1	D	-+
chr5	79976716	79991311	MTX3-THBS4	D	-+
chr5	94150851	94618669	KIAA0825-SLF1	D	-+
chr5	95461755	95555101	TTC37-ARSK	D	-+
chr5	103086000	103120149	GIN1-PPIP5K2	D	-+
chr5	126531200	126600925	ALDH7A1-PHAX	D	-+
chr5	132692628	132747426	KIF3A-CCNI2	D	-+
chr5	132750819	132813302	SEPTIN8-SOWAHA	D	-+
chr5	134286350	134371469	CDKL3-UBE2B	D	-+
chr5	139448560	139471004	ECSCR-SMIM33	D	-+
chr5	140673035	140698680	HARS1-ZMAT2	D	-+
chr5	141259884	141330514	TAF7-PCDHGA1	D	-+
chr5	141620876	141636950	HDAC3-RELL2	D	-+
chr5	144158162	144170873	YIPF5-KCTD16	D	-+
chr5	149492982	149551947	CSNK1A1-ARHGEF37	D	-+
chr5	154887411	154941073	GEMIN5-MRPL22	D	-+
chr5	157085832	157142933	HAVCR2-ITK	D	-+
chr5	157625679	157671533	SOX30-C5orf52	D	-+
chr5	160401641	160421855	SLU7-PTTG1	D	-+
chr5	163446526	163460203	NUDCD2-HMMR	D	-+
chr5	172042079	172194172	STK10-EFCAB9	D	-+
chr5	176346062	176365487	KIAA1191-ARL10	D	-+
chr5	176526712	176542511	RNF44-CDHR2	D	-+
chr5	176620082	176630618	SNCB-EIF4E1B	D	-+
chr5	176905005	177022696	UIMC1-ZNF346	D	-+
chr5	177331567	177357924	LMAN2-RGS14	D	-+
chr6	5103629	5261044	LYRM4-FARS2	D	-+
chr6	10671418	10694972	C6orf52-PAK1IP1	D	-+
chr6	18128311	18155329	TPMT-KDM1B	D	-+
chr6	24649979	24667035	TDP2-ACOT13	D	-+
chr6	25726063	25726777	H2AC1-H2BC1	D	-+
chr6	26017032	26020451	H1-1-H3C1	D	-+
chr6	26043227	26045384	H2BC3-H3C3	D	-+
chr6	26114873	26124145	H2BC4-H2AC6	D	-+
chr6	26195595	26199516	ENSG00000282988-H2BC7	D	-+
chr6	26216200	26216975	H2BC8-H2AC8	D	-+
chr6	26234212	26240393	H1-3-H4C6	D	-+
chr6	26250142	26251614	H3C7-H2BC9	D	-+
chr6	26270918	26272931	H3C8-H2BC10	D	-+
chr6	27125897	27133043	H2BC11-H2AC11	D	-+
chr6	27146361	27147106	H2BC12-H2AC12	D	-+
chr6	27807479	27808173	H2BC13-H2AC13	D	-+
chr6	27814302	27815022	H2AC14-H2BC14	D	-+
chr6	27837880	27838545	H2AC15-H2BC15	D	-+
chr6	27890315	27893425	H3C12-H2BC17	D	-+
chr6	28241697	28259297	ZKSCAN4-NKAPL	D	-+
chr6	30151943	30163206	TRIM10-TRIM15	D	-+
chr6	30541381	30557280	GNL1-PRR3	D	-+
chr6	31111223	31114750	C6orf15-PSORS1C1	D	-+
chr6	31142439	31158547	CCHCR1-TCF19	D	-+
chr6	31530219	31546870	ATP6V1G2-DDX39B-NFKBIL1	D	-+
chr6	31580525	31586124	LTB-LST1	D	-+
chr6	31730581	31740020	CLIC1-MSH5-SAPCD1	D	-+
chr6	31809619	31815543	HSPA1L-HSPA1A	D	-+
chr6	31879759	31897785	EHMT2-C2	D	-+
chr6	31952087	31959117	NELFE-SKIV2L	D	-+
chr6	31969810	31982057	DXO-C4A	D	-+
chr6	32148359	32153845	PRRT1-PPT2-EGFL8	D	-+
chr6	32168212	32178405	AGPAT1-RNF5	D	-+
chr6	33250272	33272075	VPS52-RPS18	D	-+
chr6	33279108	33289302	WDR46-PFDN6	D	-+
chr6	33416442	33419661	CUTA-SYNGAP1	D	-+
chr6	34877462	34889255	TAF11-ANKS1A	D	-+
chr6	35573585	35737032	FKBP5-ARMC12	D	-+
chr6	35943516	36027677	SLC26A8-MAPK14	D	-+
chr6	41793314	41921499	ENSG00000288721-BYSL	D	-+
chr6	41934934	42050513	CCND3-TAF8	D	-+
chr6	42744498	42746958	TBCC-BICRAL	D	-+
chr6	42963865	42984553	PEX6-PPP2R5D	D	-+
chr6	43522334	43576185	XPO5-POLH	D	-+
chr6	43605316	43629540	GTPBP2-MAD2L1BP	D	-+
chr6	44258166	44273194	NFKBIE-ENSG00000272442	D	-+
chr6	46549580	46652915	CYP39A1-SLC25A27	D	-+
chr6	49430360	49463370	MMUT-CENPQ	D	-+
chr6	56457987	56955107	DST-BEND6	D	-+
chr6	73353063	73362658	DPPA5-KHDC3L	D	-+
chr6	73413515	73461578	CGAS-MTO1	D	-+
chr6	82892390	83067666	UBE3D-DOP1A	D	-+
chr6	87513459	87590067	RARS2-ORC3	D	-+
chr6	106570771	106629578	RTN4IP1-QRSL1	D	-+
chr6	108041409	108166022	OSTM1-NR2E1	D	-+
chr6	108984309	109095110	SESN1-CEP57L1	D	-+
chr6	110099819	110180141	WASF1-CDC40	D	-+
chr6	112070663	112087591	TUBE1-FAM229B	D	-+
chr6	116249964	116254173	TSPYL4-DSE	D	-+
chr6	122443351	122471917	SERINC1-PKIB	D	-+
chr6	127438406	127519455	ENSG00000255330-C6orf58	D	-+
chr6	130144315	130366017	SAMD3-TMEM200A	D	-+
chr6	131573966	131628442	MED23-ENPP3	D	-+
chr6	132769370	132814569	SLC18B1-RPS12	D	-+
chr6	143422832	143450805	ADAT2-PEX3	D	-+
chr6	151398898	151452258	RMND1-ARMT1	D	-+
chr6	158109519	158168350	SERAC1-GTF2H5	D	-+
chr6	158636474	158650014	DYNLT1-SYTL3	D	-+
chr6	159778498	159789812	TCP1-MRPL18	D	-+
chr6	169419969	169702190	ENSG00000285733-C6orf120	D	-+
chr6	169740109	169751622	DYNLT2-ERMARD	D	-+
chr6	170535120	170554302	PSMB1-TBP	D	-+
chr7	898778	983181	COX19-CYP2W1	D	-+
chr7	1815804	2242226	ENSG00000286192-NUDT1	D	-+
chr7	2537810	2558972	BRAT1-IQCE	D	-+
chr7	5970925	6009255	PMS2-AIMP2	D	-+
chr7	16599779	16646131	ANKMY2-BZW2	D	-+
chr7	30010587	30027404	FKBP14-PLEKHA8	D	-+
chr7	32485338	32495426	LSM5-AVL9	D	-+
chr7	33094797	33109557	RP9-BBS9	D	-+
chr7	40126027	40135005	MPLKIP-SUGCT	D	-+
chr7	42909273	42932376	ENSG00000256646-MRPL32	D	-+
chr7	43875894	43926436	URGCP-UBE2D4	D	-+
chr7	44143213	44200959	GCK-YKT6	D	-+
chr7	47987148	48035511	SUN3-C7orf57	D	-+
chr7	56011051	56051685	PSPH-CCT6A	D	-+
chr7	73312536	73328161	TRIM50-FKBP6	D	-+
chr7	75416786	75492320	POM121C-SPDYE5	D	-+
chr7	75996338	76048051	STYXL1-MDH2	D	-+
chr7	77793728	77798792	TMEM60-PHTF2	D	-+
chr7	92112176	92245974	ENSG00000289027-ANKIB1	D	-+
chr7	92487020	92528773	PEX1-RBM48	D	-+
chr7	93188534	93232340	HEPACAM2-VPS50	D	-+
chr7	98214624	98252379	TECPR1-BRI3	D	-+
chr7	98846488	98877933	TMEM130-TRRAP	D	-+
chr7	99392048	99408641	PDAP1-BUD31	D	-+
chr7	99546300	99558695	FAM200A-ENSG00000272647	D	-+
chr7	100064033	100088969	ZNF3-COPS6	D	-+
chr7	100169606	100177563	GPC2-STAG3	D	-+
chr7	100463359	100483927	TSC22D4-NYAP1	D	-+
chr7	102345746	102363872	SPDYE6-PRKRIP1	D	-+
chr7	102456238	102464956	ALKBH4-LRWD1	D	-+
chr7	102582523	102650319	ENSG00000205236-SPDYE2B	D	-+
chr7	105439661	105532169	PUS7-RINT1	D	-+
chr7	105604772	105876796	ATXN7L1-CDHR3	D	-+
chr7	108470417	108569867	PNPLA8-DNAJB9	D	-+
chr7	111726110	112206695	DOCK4-ZNF277	D	-+
chr7	123536997	123567010	NDUFA5-ASB15	D	-+
chr7	137874979	138002324	CREB3L2-AKR1D1	D	-+
chr7	139043515	139133744	ZC3HAV1-TTC26	D	-+
chr7	141656728	141708353	DENND11-WEE2	D	-+
chr7	142908101	142939343	TRPV5-LLCFC1	D	-+
chr7	149102784	149126416	ZNF425-ZNF398	D	-+
chr7	151012209	151028422	ATG9B-ABCB8	D	-+
chr7	151081085	151085831	TMUB1-AGAP3	D	-+
chr7	151207837	151232483	ABCF2-H2BE1-CHPF2	D	-+
chr7	155474256	155644451	ENSG00000283128-RBM33	D	-+
chr8	7482504	7487679	DEFB106B-DEFB105B	D	-+
chr8	7821004	7825139	DEFB105A-DEFB106A	D	-+
chr8	11973937	11982256	DEFB136-DEFB135	D	-+
chr8	17224966	17246931	CNOT7-VPS37A	D	-+
chr8	21908873	21919662	DOK2-XPO7	D	-+
chr8	25427847	25459199	KCTD9-CDCA2	D	-+
chr8	27284886	27311482	TRIM35-PTK2B	D	-+
chr8	28021964	28089673	NUGGC-ELP3	D	-+
chr8	28348287	28494205	FBXO16-FZD3	D	-+
chr8	28767661	28890395	INTS9-HMBOX1	D	-+
chr8	30678066	30729131	GSR-UBXN8	D	-+
chr8	30995802	31033788	PURG-WRN	D	-+
chr8	38269704	38386207	NSD3-LETM2	D	-+
chr8	47773111	47960185	PRKDC-MCM4	D	-+
chr8	53715543	53851795	ATP6V1H-RGS20	D	-+
chr8	55696424	55773446	TMEM68-TGS1	D	-+
chr8	56160909	56211686	PLAG1-CHCHD7	D	-+
chr8	66628487	66667596	VCPIP1-C8orf44-SGK3	D	-+
chr8	66964099	67062417	PPP1R42-CSPP1	D	-+
chr8	70635318	70669339	LACTB2-XKR9	D	-+
chr8	73939169	73972437	ELOC-TMEM70	D	-+
chr8	85214048	85220587	RBIS-CA13	D	-+
chr8	86468257	86514435	RMDN1-CPNE3	D	-+
chr8	90621995	90791741	TMEM64-NECAB1	D	-+
chr8	96239398	96261902	MTERF3-PTDSS1	D	-+
chr8	98102344	98117293	RIDA-POP1	D	-+
chr8	100133351	100150623	FBXO43-POLR2K	D	-+
chr8	104489231	104590733	LRP12-ZFPM2	D	-+
chr8	108162787	108443601	EIF3E-EMC2	D	-+
chr8	109240919	109334324	NUDCD1-ENY2	D	-+
chr8	123319850	123416726	ATAD2-NTAQ1	D	-+
chr8	143304384	143368876	TOP1MT-RHPN1	D	-+
chr8	143706694	143716340	CCDC166-MAPK15	D	-+
chr8	144449582	144466043	CYHR1-KIFC2	D	-+
chr8	144473412	144477969	FOXH1-PPP1R16A	D	-+
chr8	144511288	144517992	RECQL4-LRRC14	D	-+
chr8	144789765	144798876	RPL8-ZNF517	D	-+
chr9	18858906	19049427	SAXO1-RRAGA	D	-+
chr9	32886601	33025273	APTX-DNAJA1	D	-+
chr9	33247820	33264879	BAG1-CHMP5	D	-+
chr9	34252380	34329506	KIF24-NUDT2	D	-+
chr9	34634722	34646631	SIGMAR1-ENSG00000258728	D	-+
chr9	35649295	35658290	SIT1-CCDC107	D	-+
chr9	35696948	35732598	TLN1-CREB3	D	-+
chr9	35736866	35749287	GBA2-RGP1	D	-+
chr9	71862452	71911510	ABHD17B-C9orf85	D	-+
chr9	75060573	75088514	NMRK1-OSTF1	D	-+
chr9	83968083	83980798	HNRNPK-RMI1	D	-+
chr9	92297358	92325953	NOL8-CENPP	D	-+
chr9	97600080	97633668	TSTD2-NCBP1	D	-+
chr9	99216425	99222064	ALG2-SEC61B	D	-+
chr9	99979185	100099243	ERP44-INVS	D	-+
chr9	101387633	101398851	MRPL50-ZNF189	D	-+
chr9	101473170	101533853	PGAP4-RNF20	D	-+
chr9	108854588	108862266	ACTL7B-ACTL7A	D	-+
chr9	108866898	108934400	ELP1-ABITRAM	D	-+
chr9	109375466	109498325	PTPN3-PALM2AKAP2	D	-+
chr9	113161006	113221544	FKBP15-SLC31A1	D	-+
chr9	113255835	113275642	CDC26-PRPF4	D	-+
chr9	113313222	113349541	WDR31-BSPRY	D	-+
chr9	122144058	122159908	NDUFA8-MORN5	D	-+
chr9	122915566	122940833	ZBTB26-RABGAP1	D	-+
chr9	124517275	124777133	NR6A1-OLFML2A	D	-+
chr9	124857880	124862130	RPL35-ARPC5L	D	-+
chr9	127447674	127451489	RPL12-LRSAM1	D	-+
chr9	127505339	127579370	NIBAN2-STXBP1	D	-+
chr9	127738317	127785679	SH2D3C-CDK9	D	-+
chr9	128305159	128322544	TRUB2-COQ4	D	-+
chr9	128819663	128882133	ENSG00000286112-LRRC8A	D	-+
chr9	128945530	128947699	DOLK-NUP188	D	-+
chr9	129007036	129036621	SH3GLB2-MIGA2	D	-+
chr9	132375548	132410043	TTF1-CFAP77	D	-+
chr9	133338312	133348218	MED22-RPL7A	D	-+
chr9	133361450	133376366	SURF4-STKLD1	D	-+
chr9	133514586	133532164	MYMK-ADAMTSL2	D	-+
chr9	136401922	136410641	ENTR1-PMPCA	D	-+
chr9	136940435	136945185	FBXW5-C8G	D	-+
chr9	137062127	137077517	SAPCD2-UAP1L1	D	-+
chr9	137174784	137188660	ANAPC2-SSNA1	D	-+
chr9	137191617	137205685	TPRN-NDOR1	D	-+
chr9	137220247	137224635	RNF208-CYSRT1	D	-+
chr9	137243584	137251261	FAM166A-STPG3	D	-+
chr9	137306896	137423350	EXD3-NOXA1	D	-+
chr9	137459952	137551879	PNPLA7-MRPL41	D	-+
chr10	1039152	1049538	IDI1-WDR37	D	-+
chr10	5393101	5412557	TUBAL3-NET1	D	-+
chr10	5861616	5890203	ANKRD16-FBH1	D	-+
chr10	7750962	7788147	KIN-ATP5F1C	D	-+
chr10	14897359	14959388	DCLRE1C-MEIG1	D	-+
chr10	15075475	15097180	ACBD7-RPP38	D	-+
chr10	18545561	18659431	NSUN6-ARL5B	D	-+
chr10	58191517	58269162	IPMK-CISD1	D	-+
chr10	74120255	74151202	AP3M1-ADK	D	-+
chr10	77975149	78033760	POLR3A-RPS24	D	-+
chr10	84220571	84230666	LRIT2-RGR	D	-+
chr10	88273864	88586753	RNLS-LIPJ	D	-+
chr10	92046692	92291167	CPEB3-MARCHF5	D	-+
chr10	92451684	92574105	IDE-KIF11	D	-+
chr10	97356358	97426191	RRP12-PGAM1	D	-+
chr10	97435909	97446170	EXOSC1-ZDHHC16	D	-+
chr10	97458324	97498924	MMS19-UBTD1	D	-+
chr10	101845599	102065349	ARMH3-HPS6	D	-+
chr10	102230186	102245371	PITX3-GBF1	D	-+
chr10	102449837	102461395	C10orf95-MFSD13A	D	-+
chr10	102461881	102503972	ACTR1A-SUFU	D	-+
chr10	102673731	102714538	ARL3-SFXN2	D	-+
chr10	103389041	103396626	ATP5MK-PDCD11	D	-+
chr10	104129888	104235356	CFAP43-GSTO1	D	-+
chr10	110898730	110919367	BBIP1-SHOC2	D	-+
chr10	113834725	113854661	DCLRE1A-NHLRC2	D	-+
chr10	114120862	114179270	CCDC186-TDRD1	D	-+
chr10	119829404	119892730	MCMBP-SEC23IP	D	-+
chr10	122930901	122954381	C10orf88-PSTK	D	-+
chr10	122990807	123008979	IKZF5-ACADSB	D	-+
chr10	125784980	125823546	UROS-BCCIP	D	-+
chr10	125836337	125896564	DHX32-FANK1	D	-+
chr10	132207492	132332154	STK32C-LRRC27	D	-+
chr10	133362485	133380017	ECHS1-ENSG00000254536	D	-+
chr11	215030	236966	SIRT3-PSMD13	D	-+
chr11	298200	308408	IFITM5-ENSG00000288681	D	-+
chr11	417933	448268	ANO9-PTDSS2	D	-+
chr11	532242	537527	HRAS-LRRC56	D	-+
chr11	799179	809965	PIDD1-RPLP2	D	-+
chr11	837356	842812	POLR2L-TSPAN4	D	-+
chr11	867859	924881	CHID1-AP2A2	D	-+
chr11	1620958	1629775	KRTAP5-4-KRTAP5-5	D	-+
chr11	3638512	3645128	ART5-ART1	D	-+
chr11	4680171	4704784	OR51E2-MMP26	D	-+
chr11	6211345	6234765	FHIP1B-CNGA4	D	-+
chr11	6595072	6603708	RRP8-ILK	D	-+
chr11	6997085	7020479	ZNF214-NLRP14	D	-+
chr11	7957537	7970251	NLRP10-EIF3F	D	-+
chr11	8612037	8682788	TRIM66-RPL27A	D	-+
chr11	8693351	8911139	DENND2B-AKIP1	D	-+
chr11	9776776	10305073	SBF2-ADM	D	-+
chr11	14504874	14643804	PSMA1-PDE3B	D	-+
chr11	17077730	17208153	PIK3C2A-NUCB2	D	-+
chr11	17493895	17547259	USH1C-OTOG	D	-+
chr11	18278668	18322295	HPS5-GTF2H1	D	-+
chr11	18529609	18588781	UEVLD-SPTY2D1OS	D	-+
chr11	28020619	28108248	KIF18A-METTL15	D	-+
chr11	30830369	31369840	DCDC1-DNAJC24	D	-+
chr11	31432401	31509755	IMMP1L-ELP4	D	-+
chr11	36269284	36296288	COMMD9-PRR5L	D	-+
chr11	36483769	36510709	TRAF6-RAG1	D	-+
chr11	45909663	45921621	PEX16-LARGE2	D	-+
chr11	46677080	46701030	ARHGAP1-ZNF408	D	-+
chr11	47572197	47586678	KBTBD4-FAM180B	D	-+
chr11	57325986	57338352	SSRP1-P2RX3	D	-+
chr11	57528464	57537595	TIMM10-SMTNL1	D	-+
chr11	57703710	57712582	MED19-ENSG00000288534	D	-+
chr11	58203202	58212720	OR1S2-OR1S1	D	-+
chr11	58526871	58579172	LPXN-ZFP91-CNTF	D	-+
chr11	58834065	58905398	GLYATL2-GLYATL1	D	-+
chr11	60172015	60185657	MS4A6A-MS4A4A	D	-+
chr11	60890547	60914158	PRPF19-TMEM109	D	-+
chr11	61768501	61792980	TMEM258-FADS2	D	-+
chr11	62649694	62665309	ENSG00000255432-CSKMT	D	-+
chr11	62748319	62761565	ZBTB3-POLR2G	D	-+
chr11	63624087	63681446	ATL3-RTN3	D	-+
chr11	64244479	64251530	PPP1R14B-PLCB3	D	-+
chr11	64316460	64318121	TRMT112-PRDX5	D	-+
chr11	64894546	64917553	ATG2A-PPP2R5B	D	-+
chr11	65066300	65084210	CDCA5-ZFPL1	D	-+
chr11	65375192	65386621	SLC25A45-FRMD8	D	-+
chr11	65597756	65615776	MAP3K11-PCNX3	D	-+
chr11	65773898	65787063	AP5B1-OVOL1	D	-+
chr11	65866441	65879809	EFEMP2-CTSW	D	-+
chr11	65883740	65890673	FIBP-CCDC85B	D	-+
chr11	65916810	65919274	C11orf68-DRAP1	D	-+
chr11	65996545	66002228	EIF1AD-BANF1	D	-+
chr11	66040765	66050729	GAL3ST3-SF3B2	D	-+
chr11	66284580	66291894	YIF1A-TMEM151A	D	-+
chr11	66520637	66546395	ZDHHC24-ACTN3	D	-+
chr11	66590176	66593153	CCDC87-CCS	D	-+
chr11	67991100	68008578	UNC93B1-ALDH3B1	D	-+
chr11	68891276	68903863	MRPL21-IGHMBP2	D	-+
chr11	71428193	71453109	DHCR7-NADSYN1	D	-+
chr11	72106378	72114869	ANAPC15-FOLR3	D	-+
chr11	74012718	74171267	C2CD3-PPME1	D	-+
chr11	74490519	74493851	LIPT2-POLD3	D	-+
chr11	74807739	74949261	XRRA1-SPCS2	D	-+
chr11	75081753	75100563	OR2AT4-SLCO2B1	D	-+
chr11	76349898	76381303	THAP12-GVQW3	D	-+
chr11	77660009	77821109	RSF1-AAMDC	D	-+
chr11	78171249	78188812	KCTD21-USP35	D	-+
chr11	83455012	85628573	DLG2-TMEM126B	D	-+
chr11	89911111	89924064	TRIM49D1-TRIM49D2	D	-+
chr11	94415570	94493979	MRE11-ANKRD49	D	-+
chr11	94962620	94973709	CWC15-KDM4D	D	-+
chr11	96349241	96389989	CCDC82-JRKL	D	-+
chr11	107790991	107928448	SLC35F2-RAB39A	D	-+
chr11	108157215	108223044	NPAT-ATM	D	-+
chr11	111467526	111514778	BTG4-HOATZ	D	-+
chr11	112084800	112086903	TIMM8B-ENSG00000255292	D	-+
chr11	113733187	113779747	ZW10-CLDN25	D	-+
chr11	114391443	114400682	C11orf71-ENSG00000255663	D	-+
chr11	116820700	116829706	APOA4-APOC3	D	-+
chr11	117204337	117232625	PCSK7-RNF214	D	-+
chr11	118339075	118344344	CD3D-CD3G	D	-+
chr11	119015712	119018763	RPS25-TRAPPC4	D	-+
chr11	119190250	119206298	CCDC153-CBL	D	-+
chr11	125776113	125788127	PATE2-PATE3	D	-+
chr11	125893485	125903348	PUS3-DDX25	D	-+
chr11	126202096	126211724	RPUSD4-FAM118B	D	-+
chr11	134248279	134253548	THYN1-ACAD8	D	-+
chr12	911736	990509	RAD52-ERC1	D	-+
chr12	2857680	2877223	FOXM1-TULP3	D	-+
chr12	4487735	4538798	C12orf4-RAD51AP1	D	-+
chr12	6844793	6852148	CDCA3-USP5	D	-+
chr12	7115736	7129698	RBP5-CLSTN3	D	-+
chr12	8940361	8950044	M6PR-KLRG1	D	-+
chr12	12326056	12357078	MANSC1-BORCS5	D	-+
chr12	14767999	14774405	H4-16-H2AJ	D	-+
chr12	14784582	14803666	WBP11-C12orf60	D	-+
chr12	15620134	15882387	EPS8-STRAP	D	-+
chr12	18683169	18738119	PLCZ1-CAPZA3	D	-+
chr12	21468910	21501781	RECQL-GOLT1B	D	-+
chr12	25108289	25195216	DNAI7-ETFRF1	D	-+
chr12	26905181	26938470	INTS13-FGFR1OP2	D	-+
chr12	26971579	27022546	TM7SF3-MED21	D	-+
chr12	39550033	39626167	ABCD2-C12orf40	D	-+
chr12	42157104	42238447	YAF2-PPHLN1	D	-+
chr12	43718992	43758944	PUS7L-IRAK4	D	-+
chr12	48147789	48183644	ASB8-CCDC184	D	-+
chr12	48965340	48978322	WNT10B-WNT1	D	-+
chr12	49332409	49346888	C1QL4-DNAJC22	D	-+
chr12	49556544	49568218	MCRS1-PRPF40B	D	-+
chr12	53210567	53241889	RARG-ENSG00000283536	D	-+
chr12	53479669	53500921	MAP3K12-TARBP2	D	-+
chr12	54230942	54280193	CBX5-HNRNPA1	D	-+
chr12	54292111	54301202	NFE2-COPZ1	D	-+
chr12	56202179	56222015	RNF41-NABP2	D	-+
chr12	56237807	56266890	ANKRD52-COQ10A	D	-+
chr12	56316223	56334174	PAN2-IL23A	D	-+
chr12	57055643	57089043	NEMP1-NAB2	D	-+
chr12	57253762	57434784	R3HDM2-INHBC	D	-+
chr12	64713445	64759496	GNS-ENSG00000288591	D	-+
chr12	71609599	71674204	ZFC3H1-ENSG00000258064	D	-+
chr12	85014311	85036314	TSPAN19-LRRIQ1	D	-+
chr12	88049016	88142296	CEP290-TMTC3	D	-+
chr12	95076749	95217746	FGD6-VEZT	D	-+
chr12	95867048	95943331	CCDC38-AMDHD1	D	-+
chr12	98613405	98645290	IKBIP-APAF1	D	-+
chr12	100203669	100267140	DEPDC4-SCYL2	D	-+
chr12	102073103	102120183	NUP37-PARPBP	D	-+
chr12	103940763	103965822	C12orf73-TDG	D	-+
chr12	103988987	104064531	GLT8D2-HCFC2	D	-+
chr12	108522214	108562582	SART3-ISCU	D	-+
chr12	108778191	108858932	SSH1-DAO	D	-+
chr12	108907741	109023089	SVOP-USP30	D	-+
chr12	109088188	109097597	ALKBH2-UNG	D	-+
chr12	109448655	109477402	KCTD10-UBE3B	D	-+
chr12	109929804	109999186	GIT2-ANKRD13A	D	-+
chr12	111642146	111686053	BRAP-ACAD10	D	-+
chr12	111931282	112013348	TMEM116-ERP29	D	-+
chr12	113157173	113185526	DDX54-RITA1	D	-+
chr12	116710171	116738178	SPRING1-RNFT2	D	-+
chr12	118063593	118136124	VSIG10-PEBP1	D	-+
chr12	118149801	118376555	TAOK3-SUDS3	D	-+
chr12	120461672	120469850	SRSF9-DYNLL1	D	-+
chr12	121308245	121400083	ANAPC5-RNF34	D	-+
chr12	121777754	121804009	RHOF-SETD1B	D	-+
chr12	122503454	122527246	RSRC2-KNTC1	D	-+
chr12	123918660	123973241	CCDC92-RFLNA	D	-+
chr12	124946825	124993645	DHX37-BRI3BP	D	-+
chr12	132136594	132144457	DDX51-NOC4L	D	-+
chr12	132603150	132618776	LRCOL1-P2RX2	D	-+
chr12	132623753	132687587	POLE-PXMP2	D	-+
chr12	133104779	133130984	ZNF891-ENSG00000256825	D	-+
chr13	21153595	21176658	SKA3-MRPL57	D	-+
chr13	27545913	27620742	LNX2-POLR1D	D	-+
chr13	30456704	30617693	HMGB1-USPL1	D	-+
chr13	39009865	39038306	PROSER1-NHLRC3	D	-+
chr13	40931924	41061509	ELF1-WBP4	D	-+
chr13	43823909	43883800	CCDC122-ENSG00000281883	D	-+
chr13	44939249	44989529	NUFIP1-GPALPP1	D	-+
chr13	46125920	46211940	LCP1-LRRC63	D	-+
chr13	49308650	49444274	CAB39L-SETDB2	D	-+
chr13	51930436	52012391	ATP7B-ALG11	D	-+
chr13	72708367	72727749	MZT1-BORA	D	-+
chr13	72752169	72782133	DIS3-PIBF1	D	-+
chr13	75525214	75549480	COMMD6-UCHL3	D	-+
chr13	94574054	94601857	TGDS-GPR180	D	-+
chr13	102784281	102799110	POGLUT2-BIVM-ERCC5	D	-+
chr13	108207439	108218392	LIG4-ABHD13	D	-+
chr13	113455819	113491021	DCUN1D2-TMCO3	D	-+
chr13	113648804	113667219	ATP4B-GRK1	D	-+
chr14	19712904	19719015	OR11H2-OR4N2	D	-+
chr14	20446401	20455191	OSGEP-APEX1	D	-+
chr14	20457681	20468954	PIP4P1-PNP	D	-+
chr14	22564907	22598290	DAD1-ABHD4	D	-+
chr14	22773222	22829879	SLC7A7-MRPL52	D	-+
chr14	23016543	23042212	PSMB5-PSMB11	D	-+
chr14	23125295	23185316	SLC7A8-RNF212B	D	-+
chr14	23272422	23306833	HOMEZ-BCL2L2-PABPN1	D	-+
chr14	23356403	23372809	EFS-IL25	D	-+
chr14	24213955	24232422	NEDD8-MDP1-GMPR2	D	-+
chr14	24290598	24299850	DHRS1-NOP9	D	-+
chr14	24305187	24311450	CIDEB-LTB4R	D	-+
chr14	31482875	31489956	GPR33-NUBPL	D	-+
chr14	35085467	35122549	PPP2R3C-ENSG00000258790	D	-+
chr14	39031919	39114285	SEC23A-GEMIN2	D	-+
chr14	39147811	39175183	TRAPPC6B-PNN	D	-+
chr14	45115599	45135930	FKBP3-FANCM	D	-+
chr14	49618530	49620799	RPL36AL-MGAT2	D	-+
chr14	49643555	49693105	POLE2-KLHDC1	D	-+
chr14	50237563	50312324	L2HGDH-DMAC2L	D	-+
chr14	52430596	52552836	TXNDC16-GPR137C	D	-+
chr14	54938949	55027230	WDHD1-SOCS4	D	-+
chr14	57200507	57268924	EXOC5-AP5M1	D	-+
chr14	67294371	67360328	ATP6V1D-EIF2S1	D	-+
chr14	67727374	67819779	ZFYVE26-RAD51B	D	-+
chr14	70325081	70417107	COX16-ADAM21	D	-+
chr14	74056847	74084956	ALDH6A1-LIN52	D	-+
chr14	74285269	74303069	ABCD4-VRTN	D	-+
chr14	74653437	74713144	AREL1-FCF1	D	-+
chr14	74852871	74881891	PROX2-DLST	D	-+
chr14	76786009	76826372	ANGEL1-LRRC74A	D	-+
chr14	77274956	77320996	POMT2-GSTZ1	D	-+
chr14	77672404	77708071	ALKBH1-SLIRP	D	-+
chr14	88465778	88562970	PTPN21-ZC3H14	D	-+
chr14	89794669	89954939	EFCAB11-TDP1	D	-+
chr14	92116122	92121969	NDUFB1-CPSF2	D	-+
chr14	93182199	93184973	MOAP1-ENSG00000259066	D	-+
chr14	93237550	93333219	BTBD7-UNC79	D	-+
chr14	94048287	94081301	DDX24-IFI27L1	D	-+
chr14	96279195	96363452	ATG2B-GSKIP	D	-+
chr14	99397748	99481169	SETD3-CCNK	D	-+
chr14	102341102	102362941	CINP-TECPR2	D	-+
chr14	103519667	103529196	CKB-TRMT61A	D	-+
chr14	103697609	103715730	XRCC3-ZFYVE21	D	-+
chr14	103912288	103928456	ATP5MJ-TDRD9	D	-+
chr14	104769349	104800596	AKT1-ZBTB42	D	-+
chr14	104937244	104985775	AHNAK2-CLBA1	D	-+
chr15	34084017	34102083	EMC7-PGBD4	D	-+
chr15	34341719	34343315	NOP10-NUTM1	D	-+
chr15	40528683	40569299	CCDC32-RPUSD2	D	-+
chr15	40735884	40764068	RMDN3-GCHFR	D	-+
chr15	41182725	41230839	EXD1-CHP1	D	-+
chr15	42412823	42491233	ZNF106-SNAP23	D	-+
chr15	42497395	42548828	ENSG00000285942-HAUS2	D	-+
chr15	43323649	43330672	LCMT2-ADAL	D	-+
chr15	43403061	43510958	TP53BP1-MAP1A	D	-+
chr15	43533462	43593054	PPIP5K1-CKMT1B	D	-+
chr15	43804492	43826980	MFAP1-WDR76	D	-+
chr15	44665732	44711487	PATL2-B2M	D	-+
chr15	45092650	45114326	DUOX2-DUOXA2	D	-+
chr15	45361124	45402336	GATM-SPATA5L1	D	-+
chr15	48134632	48178438	MYEF2-SLC12A1	D	-+
chr15	51208057	51341655	CYP19A1-GLDN	D	-+
chr15	51723011	51751597	LYSMD2-TMOD2	D	-+
chr15	56652488	56918623	ENSG00000285253-TCF12	D	-+
chr15	61852389	62066977	VPS13C-C2CD4A	D	-+
chr15	64072565	64094123	CIAO2A-SNX1	D	-+
chr15	64181180	64387748	ENSG00000259316-TRIP4	D	-+
chr15	65053337	65076746	RASL12-KBTBD13	D	-+
chr15	65578753	65611366	INTS14-SLC24A1	D	-+
chr15	66336191	66386837	TIPIN-MAP2K1	D	-+
chr15	73978926	73994673	STOML1-PML	D	-+
chr15	74954418	74957219	RPP25-SCAMP5	D	-+
chr15	75935969	76059958	NRG4-TMEM266	D	-+
chr15	77100656	77420412	PEAK1-HMG20A	D	-+
chr15	77984036	78077808	TBC1D2B-SH2D7	D	-+
chr15	82130233	82262810	EFL1-SAXO2	D	-+
chr15	82755362	82809628	FSD2-WHAMM	D	-+
chr15	82836946	82986210	HOMER2-RAMAC	D	-+
chr15	89749875	89760591	MESP1-MESP2	D	-+
chr15	90229975	90234200	CIB1-ENSG00000284626	D	-+
chr15	99136323	99251362	TTC23-LRRC28	D	-+
chr16	46407	53828	POLR3K-SNRNP25	D	-+
chr16	58059	77007	RHBDF1-MPG	D	-+
chr16	188969	234521	LUC7L-FAM234A	D	-+
chr16	268301	280450	RGS11-ARHGDIG	D	-+
chr16	370788	396725	PGAP6-NME4	D	-+
chr16	634427	636817	METTL26-MCRIP2	D	-+
chr16	692498	715118	FBXL16-METRN	D	-+
chr16	853634	981770	LMF1-SOX8	D	-+
chr16	1349240	1351931	TSR3-GNPTG	D	-+
chr16	1485886	1493344	PTX4-TELO2	D	-+
chr16	1943974	1959538	RPL3L-NDUFB10	D	-+
chr16	1962058	1966823	RPS2-RNF151	D	-+
chr16	1978917	1984193	NOXO1-GFER	D	-+
chr16	1997654	2009926	ZNF598-NPW	D	-+
chr16	2039815	2047967	NTHL1-TSC2	D	-+
chr16	2088708	2140803	PKD1-RAB26	D	-+
chr16	2177180	2204248	CASKIN1-MLST8	D	-+
chr16	2211593	2223580	PGP-E4F1	D	-+
chr16	2530035	2537979	CEMP1-PDPK1	D	-+
chr16	3027682	3046062	BICDL2-MMP25	D	-+
chr16	3242027	3263800	MEFV-ZNF263	D	-+
chr16	3493484	3500976	C16orf90-CLUAP1	D	-+
chr16	3581181	3611728	SLX4-DNASE1	D	-+
chr16	4608883	4616493	UBALD1-MGRN1	D	-+
chr16	10928891	10944564	DEXI-CLEC16A	D	-+
chr16	14435700	14632931	PARN-BFAR	D	-+
chr16	15594387	15643267	MARF1-NDE1	D	-+
chr16	16149565	16232506	ABCC6-NOMO3	D	-+
chr16	19501693	19523811	GDE1-CCP110	D	-+
chr16	20359175	20409534	PDILT-ACSM5	D	-+
chr16	21983865	22007638	PDZD9-MOSMO	D	-+
chr16	23603160	23641466	PALB2-DCTN5	D	-+
chr16	27459555	27550133	GTF3C1-KATNIP	D	-+
chr16	28456371	28494643	ENSG00000261832-APOBR	D	-+
chr16	28842411	28846600	TUFM-SH2B1	D	-+
chr16	29871159	29900375	SEZ6L2-ASPHD1	D	-+
chr16	30024427	30053123	TLCD3B-ENSG00000285043	D	-+
chr16	30357102	30370934	TBC1D10B-MYLPF	D	-+
chr16	30833626	30896614	BCL7C-CTF1	D	-+
chr16	31060843	31074422	ZNF668-ZNF646	D	-+
chr16	46656132	46689643	VPS35-ORC6	D	-+
chr16	53035690	53054991	ENSG00000277639-CHD9	D	-+
chr16	56666730	56669814	MT1G-MT1H	D	-+
chr16	57152466	57186137	PSME3IP1-RSPRY1	D	-+
chr16	57428187	57447425	CIAPIN1-COQ9	D	-+
chr16	57512181	57542643	CCDC102A-ADGRG5	D	-+
chr16	57882340	57976435	CNGB1-TEPP	D	-+
chr16	58279997	58295080	PRSS54-GINS3	D	-+
chr16	66932065	66934444	CIAO2B-CES2	D	-+
chr16	67154185	67159932	TRADD-FBXL8	D	-+
chr16	67184379	67192155	EXOC3L1-E2F4	D	-+
chr16	67289428	67326798	KCTD19-LRRC36	D	-+
chr16	67657512	67660946	ACD-PARD6A	D	-+
chr16	67723070	67806765	RANBP10-TSNAXIP1	D	-+
chr16	68229033	68245304	ESRP2-PLA2G15	D	-+
chr16	68284503	68310951	SLC7A6OS-PRMT7	D	-+
chr16	69741871	69762328	NOB1-WWP2	D	-+
chr16	70251983	70299194	AARS1-ENSG00000260537	D	-+
chr16	70480568	70523791	COG4-SF3B3	D	-+
chr16	71929538	72008588	PKD1L3-DHODH	D	-+
chr16	84122141	84145287	HSDL1-DNAAF1	D	-+
chr16	84177847	84191138	TAF1C-ADAD2	D	-+
chr16	88696499	88706483	RNF166-CTU2	D	-+
chr16	89267630	89490719	ANKRD11-SPG7	D	-+
chr16	89640816	89657740	CHMP1A-SPATA33	D	-+
chr16	89737549	89818179	FANCA-SPIRE2	D	-+
chr17	757097	782353	GLOD4-MRM3	D	-+
chr17	1702816	1716523	TLCD2-WDR81	D	-+
chr17	1934677	2030137	RTN4RL1-DPH1	D	-+
chr17	2322396	2337498	TSR1-SGSM2	D	-+
chr17	2720801	2755705	CCDC92B-RAP1GAP2	D	-+
chr17	3585149	3636459	ENSG00000262304-CTNS	D	-+
chr17	4004445	4143168	ZZEF1-CYB5D2	D	-+
chr17	4669774	4710596	PELP1-ARRB2	D	-+
chr17	4785285	4788964	VMO1-GLTPD2	D	-+
chr17	4801159	4807152	C17orf114-PLD2	D	-+
chr17	4988130	4997950	INCA1-KIF1C	D	-+
chr17	6393693	6444441	AIPL1-PIMREG	D	-+
chr17	6578147	6640985	KIAA0753-TXNDC17	D	-+
chr17	6643311	6651762	MED31-C17orf100	D	-+
chr17	7315628	7336529	NEURL4-ACAP1	D	-+
chr17	7389734	7404874	TMEM256-PLSCR3-NLGN2	D	-+
chr17	9250471	9576627	STX8-CFAP52	D	-+
chr17	9800608	9822206	GSG1L2-GLP2R	D	-+
chr17	15976560	15999784	ZSWIM7-TTC19	D	-+
chr17	17843511	17972813	TOM1L2-DRC3	D	-+
chr17	17977409	18039408	ATPAF2-GID4	D	-+
chr17	18244815	18260597	FLII-MIEF2	D	-+
chr17	18271428	18315293	TOP3A-SMCR8	D	-+
chr17	28328325	28335602	IFT20-TNFAIP1	D	-+
chr17	28346633	28357642	POLDIP2-TMEM199	D	-+
chr17	28648346	28662198	SDF2-SUPT6H	D	-+
chr17	28714281	28719985	RAB34-RPL23A	D	-+
chr17	30769388	30831966	CRLF3-ATAD5	D	-+
chr17	30897336	30906344	TEFM-ADAP2	D	-+
chr17	32324565	32350132	C17orf75-ZNF207	D	-+
chr17	35011349	35121615	ENSG00000267618-FNDC8	D	-+
chr17	35128730	35147817	NLE1-UNC45B	D	-+
chr17	38324571	38351844	GPR179-SOCS7	D	-+
chr17	38733898	38752741	PCGF2-PSMB3	D	-+
chr17	39173453	39200283	CACNB1-RPL19	D	-+
chr17	39728496	39737927	MIEN1-GRB7	D	-+
chr17	39757718	39868202	IKZF3-ZPBP2	D	-+
chr17	39921041	39927732	ORMDL3-LRRC3C	D	-+
chr17	41101502	41105332	KRTAP4-16-KRTAP4-9	D	-+
chr17	41184100	41189887	KRTAP4-1-KRTAP9-1	D	-+
chr17	41801947	41812680	P3H4-FKBP10	D	-+
chr17	41866917	41930617	ACLY-ODAD4	D	-+
chr17	42795147	42798800	COA3-CNTD1	D	-+
chr17	42950526	42980565	PTGES3L-AARSD1-RUNDC1	D	-+
chr17	43014607	43025231	VAT1-RND2	D	-+
chr17	43044295	43170481	BRCA1-NBR1	D	-+
chr17	43766125	43780435	DUSP3-CFAP97D1	D	-+
chr17	43952733	44004622	PYY-NAGS	D	-+
chr17	44034328	44070735	LSM12-G6PC3	D	-+
chr17	46762506	46833201	WNT3-WNT9B	D	-+
chr17	47823272	47831634	MRPL10-LRRC46	D	-+
chr17	47951967	47967810	PRR15L-CDK5RAP3	D	-+
chr17	48070052	48103357	CBX1-SNX11	D	-+
chr17	48721719	48723185	PRAC1-PRAC2	D	-+
chr17	50367857	50373220	MRPL27-EME1	D	-+
chr17	50464496	50478860	CHAD-RSAD1	D	-+
chr17	51177425	51260546	MBTD1-UTP18	D	-+
chr17	54951902	54968727	COX11-STXBP4	D	-+
chr17	58556678	58692573	TEX14-RAD51C	D	-+
chr17	59109857	59155732	SKA2-PRR11	D	-+
chr17	59859479	59893046	TUBD1-RPS6KB1	D	-+
chr17	74356416	74367458	BTBD17-GPR142	D	-+
chr17	74770529	74776499	NAT9-TMEM104	D	-+
chr17	75500261	75515944	CASKIN2-TSEN54	D	-+
chr17	75941507	75979231	ACOX1-TEN1-CDK3	D	-+
chr17	76389456	76453351	UBE2O-AANAT	D	-+
chr17	76712832	76726830	JMJD6-METTL23	D	-+
chr17	78174091	78187358	TK1-AFMID	D	-+
chr17	79932343	80036632	TBC1D16-CCDC40	D	-+
chr17	81228277	81239305	TEPSIN-NDUFAF8	D	-+
chr17	81509413	81528377	ACTG1-FSCN2	D	-+
chr17	81665036	81666737	OXLD1-CCDC137	D	-+
chr17	82101460	82217934	CCDC57-SLC16A3	D	-+
chr17	82442586	82458180	CYBC1-NARF	D	-+
chr18	2537525	2571557	METTL4-NDC80	D	-+
chr18	21650901	21704957	ABHD3-MIB1	D	-+
chr18	36108531	36129444	SLC39A6-ELP2	D	-+
chr18	46080248	46104378	ATP5F1A-HAUS1	D	-+
chr18	61905255	62187255	PIGN-RELCH	D	-+
chr18	63637259	63647579	SERPINB4-SERPINB11	D	-+
chr18	68673688	68715209	TMX3-CCDC102B	D	-+
chr18	74073353	74148523	FBXO15-TIMM21	D	-+
chr18	75195113	75210755	ZADH2-TSHZ1	D	-+
chr18	79970813	80034346	TXNL4A-ENSG00000267127	D	-+
chr19	617221	639879	POLRMT-FGF22	D	-+
chr19	812488	825097	PLPPR3-AZU1	D	-+
chr19	896503	917287	R3HDM4-KISS1R	D	-+
chr19	1009648	1026586	TMEM259-CNN2	D	-+
chr19	1086574	1103994	POLR2E-GPX4	D	-+
chr19	1107637	1177558	SBNO2-STK11	D	-+
chr19	1228287	1241746	CBARP-ATP5F1D	D	-+
chr19	1397026	1407569	GAMT-DAZAP1	D	-+
chr19	1481428	1491166	PCSK4-REEP6	D	-+
chr19	2754715	2785503	SGTA-THOP1	D	-+
chr19	3490821	3506311	DOHH-FZR1	D	-+
chr19	3630183	3708362	PIP5K1C-TJP3	D	-+
chr19	3750772	3762682	APBA3-MRPL54	D	-+
chr19	4174109	4182689	SIRT6-ANKRD24	D	-+
chr19	4292232	4304598	TMIGD2-FSD1	D	-+
chr19	4324043	4343527	STAP2-MPND	D	-+
chr19	4360370	4402640	SH3GL1-CHAF1A	D	-+
chr19	4890437	4903080	ARRDC5-UHRF1	D	-+
chr19	5691834	5720637	LONP1-CATSPERD	D	-+
chr19	5866171	5904841	ENSG00000267740-ENSG00000267314	D	-+
chr19	6677704	6737925	C3-TRIP10	D	-+
chr19	6752160	6772708	SH2D3A-VAV1	D	-+
chr19	7018969	7030578	MBD3L2B-MBD3L5	D	-+
chr19	7037749	7049321	MBD3L4-MBD3L2	D	-+
chr19	7056207	7069703	MBD3L3-ZNF557	D	-+
chr19	7619525	7629796	XAB2-ENSG00000268400	D	-+
chr19	8806170	8832377	ZNF558-MBD3L1	D	-+
chr19	9810267	9827892	FBXL12-UBL5	D	-+
chr19	9959561	10013249	COL5A3-RDH8	D	-+
chr19	10092338	10106223	ANGPTL6-PPAN-P2RY11	D	-+
chr19	10832067	10836575	TMED1-C19orf38	D	-+
chr19	10922185	10928811	YIPF2-TIMM29	D	-+
chr19	11505929	11538767	ECSIT-CNN1	D	-+
chr19	11551147	11559374	ELOF1-ZNF627	D	-+
chr19	12142090	12163064	ZNF625-ZNF136	D	-+
chr19	12646511	12666802	MAN2B1-WDR83	D	-+
chr19	12668071	12687998	ENSG00000285589-GNG14	D	-+
chr19	12730640	12737139	TRIR-GET3	D	-+
chr19	12884422	12891160	KLF1-GCDH	D	-+
chr19	12922479	12938578	FARSA-CALR	D	-+
chr19	12953119	12965159	GADD45GIP1-DAND5	D	-+
chr19	13144058	13150411	STX10-IER2	D	-+
chr19	15468645	15508525	PGLYRP2-CYP4F22	D	-+
chr19	15912367	15944299	CYP4F11-OR10H4	D	-+
chr19	16630751	16661139	SMIM7-TMEM38A	D	-+
chr19	17049729	17075777	HAUS8-MYO9B	D	-+
chr19	17323223	17334920	ANO8-GTPBP3	D	-+
chr19	17402939	17405722	BST2-MVB12A	D	-+
chr19	17436611	17468769	ENSG00000269035-SLC27A1	D	-+
chr19	19145569	19192229	BORCS8-MEF2B-RFXANK	D	-+
chr19	19201409	19211958	NR2C2AP-NCAN	D	-+
chr19	19276018	19320829	SUGP1-MAU2	D	-+
chr19	19512418	19516227	TSSK6-ENSG00000258674	D	-+
chr19	19645198	19668796	ATP13A1-ZNF101	D	-+
chr19	23739195	23762944	ZNF681-RPSAP58	D	-+
chr19	32875925	32972209	CEP89-FAAP24	D	-+
chr19	34590644	34677639	SCGB2B2-ZNF302	D	-+
chr19	35523367	35533455	SBSN-GAPDHS	D	-+
chr19	35739252	35745678	ENSG00000267120-ENSG00000188223	D	-+
chr19	35754566	35758143	HSPB6-PROSER3	D	-+
chr19	35887653	35902529	NFKBID-HCST	D	-+
chr19	36888124	36916329	ZNF829-ZNF568	D	-+
chr19	37093019	37217926	ENSG00000267360-ZNF383	D	-+
chr19	37884823	37907208	WDR87-SIPA1L3	D	-+
chr19	38384267	38388421	GGN-SPRED3	D	-+
chr19	38409051	38433691	RASGRP4-RYR1	D	-+
chr19	38587641	38619082	MAP4K1-EIF3K	D	-+
chr19	39328353	39342421	GMFG-SAMD4B	D	-+
chr19	39385629	39391303	PAF1-MED29	D	-+
chr19	39433137	39436156	RPS16-SUPT5H	D	-+
chr19	40447765	40466241	BLVRB-SPTBN4	D	-+
chr19	41431318	41443156	DMAC2-ERICH4	D	-+
chr19	41673303	41708657	CEACAM7-ENSG00000267881	D	-+
chr19	41837074	41844743	LYPD4-DMRTC2	D	-+
chr19	42198598	42220312	DEDD2-ZNF526	D	-+
chr19	43785874	43827321	LYPD5-ZNF283	D	-+
chr19	45071500	45079288	ZNF296-MARK4	D	-+
chr19	45379638	45406644	PPP1R13L-POLR1G	D	-+
chr19	45710629	45733439	FBXO46-MEIOSIN	D	-+
chr19	45815410	45863989	SYMPK-FOXA3	D	-+
chr19	47801243	47819779	TPRX1-CRX	D	-+
chr19	47968046	47994632	BSPH1-ELSPBP1	D	-+
chr19	48115445	48170680	LIG1-ZSWIM9	D	-+
chr19	48332356	48364367	TMEM143-SYNGR4	D	-+
chr19	48382575	48393668	KDELR1-GRIN2D	D	-+
chr19	48615328	48619291	RPL18-SPHK2	D	-+
chr19	48748011	48755524	FUT1-FGF21	D	-+
chr19	48837097	48872421	PLEKHA4-PPP1R15A	D	-+
chr19	48880967	48900312	TULP2-NUCB1	D	-+
chr19	48968130	48993562	GYS1-RUVBL2	D	-+
chr19	49118402	49119544	C19orf73-PPFIA3	D	-+
chr19	49151198	49157741	HRC-TRPM4	D	-+
chr19	49289638	49335171	SLC6A16-CD37	D	-+
chr19	49422419	49423749	PTH2-GFY	D	-+
chr19	49446298	49462752	PIH1D1-ENSG00000269469	D	-+
chr19	49635292	49642209	RRAS-SCAF1	D	-+
chr19	49739753	49767001	TSKS-AP2A1	D	-+
chr19	49806866	49818282	FUZ-MED25	D	-+
chr19	50621307	50649445	SYT3-C19orf81	D	-+
chr19	50659255	50723364	SHANK1-CLEC11A	D	-+
chr19	53235381	53258292	ZNF677-VN1R2	D	-+
chr19	54094668	54102728	OSCAR-NDUFA3	D	-+
chr19	54173412	54189938	MBOAT7-TSEN34	D	-+
chr19	55039108	55072020	RDH13-EPS8L1	D	-+
chr19	55262223	55282072	HSPBP1-BRSK1	D	-+
chr19	55312801	55339853	TMEM150B-KMT5C	D	-+
chr19	55364382	55376826	IL11-TMEM190	D	-+
chr19	55379244	55385932	TMEM238-RPL28	D	-+
chr19	56189570	56202273	ZSCAN5B-ZSCAN5C	D	-+
chr19	56375846	56397966	ZNF582-ZNF583	D	-+
chr19	58367618	58386400	ZNF837-RPS5	D	-+
chr19	58513530	58544064	ZBTB45-TRIM28	D	-+
chr20	270863	297570	C20orf96-ZCCHC3	D	-+
chr20	3190350	3208868	DDRGK1-ITPA	D	-+
chr20	3783851	3786772	CENPB-CDC25B	D	-+
chr20	5114953	5126879	PCNA-CDS2	D	-+
chr20	5937228	5950949	TRMT6-ENSG00000286235	D	-+
chr20	10401009	10435305	MKKS-SLX4IP	D	-+
chr20	13714322	13785007	ESF1-NDUFAF5	D	-+
chr20	17493905	17570075	BFSP1-DSTN	D	-+
chr20	18383367	18467389	DZANK1-POLR3F	D	-+
chr20	23374519	23426104	NAPB-CSTL1	D	-+
chr20	32192504	32207880	PLAGL2-POFUT1	D	-+
chr20	32983773	33007704	SUN5-BPIFB2	D	-+
chr20	34560542	34704339	PIGU-TP53INP2	D	-+
chr20	35433347	35455164	GDF5-CEP250	D	-+
chr20	37983007	38033725	TTI1-RPRD1B	D	-+
chr20	44496221	44531785	SERINC3-PKIG	D	-+
chr20	44942130	44966479	TOMM34-STK4	D	-+
chr20	45372557	45416084	TP53TG5-PIGT	D	-+
chr20	45747944	45791954	WFDC3-DNTTIP1	D	-+
chr20	45823214	45833799	TNNC2-SNX21	D	-+
chr20	45841721	45857614	ACOT8-ZSWIM3	D	-+
chr20	56369389	56392371	AURKA-CSTF1	D	-+
chr20	56491492	56533246	GCNT7-FAM209B	D	-+
chr20	59863564	59933764	SYCP2-FAM217B	D	-+
chr20	62136733	62143769	PSMA7-SS18L1	D	-+
chr20	62877738	62938147	DIDO1-GID8	D	-+
chr20	63240784	63272785	NKAIN4-ARFGAP1	D	-+
chr20	63538489	63547891	SRMS-FNDC11	D	-+
chr20	63639705	63659300	STMN3-RTEL1-TNFRSF6B	D	-+
chr20	63698642	63708864	ARFRP1-ENSG00000273154	D	-+
chr20	63974116	63981132	SAMD10-PRPF6	D	-+
chr20	64047582	64049836	SOX18-TCEA2	D	-+
chr20	64073181	64080082	RGS19-OPRL1	D	-+
chr21	14108813	14216130	LIPI-RBM11	D	-+
chr21	29004384	29024629	RWDD2B-USP16	D	-+
chr21	29055805	29077471	CCT8-MAP3K7CL	D	-+
chr21	30425265	30430230	KRTAP13-3-KRTAP13-4	D	-+
chr21	30590105	30592440	KRTAP22-2-KRTAP6-3	D	-+
chr21	30598590	30601087	KRTAP6-2-KRTAP22-1	D	-+
chr21	30613431	30616425	KRTAP6-1-KRTAP20-1	D	-+
chr21	37062846	37073226	PIGP-TTC3	D	-+
chr21	42371887	42403447	TMPRSS3-UBASH3A	D	-+
chr21	42843094	42879644	WDR4-NDUFV3	D	-+
chr21	44885953	44940012	ITGB2-SLX9	D	-+
chr21	46235133	46286342	MCM3AP-YBEY	D	-+
chr21	46300181	46324141	C21orf58-PCNT	D	-+
chr22	17592136	17628855	ATP6V1E1-BCL2L13	D	-+
chr22	18516344	18527802	GGTLC3-TMEM191B	D	-+
chr22	19449911	19479457	UFD1-CDC45	D	-+
chr22	19969896	20017014	ARVCF-TANGO2	D	-+
chr22	20441519	20495913	KLHL22-MED15	D	-+
chr22	20999104	21009808	THAP7-P2RX6	D	-+
chr22	21628089	21632716	YDJC-CCDC116	D	-+
chr22	23752743	23762990	VPREB3-C22orf15	D	-+
chr22	23765834	23768226	CHCHD10-MMP11	D	-+
chr22	23957414	23966888	GSTT2B-DDTL	D	-+
chr22	23998401	24011192	GSTT4-CABIN1	D	-+
chr22	24540423	24556007	GUCD1-ENSG00000286070	D	-+
chr22	24935098	24952716	TMEM211-KIAA1671	D	-+
chr22	26443423	26483877	HPS4-SRRD	D	-+
chr22	26599278	26621963	CRYBB1-CRYBA4	D	-+
chr22	29730956	29767369	ZMAT5-UQCR10	D	-+
chr22	30925130	30969245	MORC2-TUG1	D	-+
chr22	31104772	31122731	SELENOM-INPP5J	D	-+
chr22	31676256	31754899	PRR14L-ENSG00000285404	D	-+
chr22	38578118	38656636	FAM227A-CBY1	D	-+
chr22	38685543	38705742	JOSD1-GTPBP1	D	-+
chr22	39743044	39901084	ENTHD1-GRAP2	D	-+
chr22	40824535	40857077	ST13-XPNPEP3	D	-+
chr22	41433494	41447830	TOB2-ACO2	D	-+
chr22	41598028	41621163	DESI1-XRCC6	D	-+
chr22	41673933	41699503	SNU13-MEI1	D	-+
chr22	41938737	41952174	CENPM-LINC00634	D	-+
chr22	42058334	42074248	NAGA-PHETA2	D	-+
chr22	43132209	43151547	MCAT-TSPO	D	-+
chr22	45344063	45413693	SMC1B-RIBC2	D	-+
chr22	46255663	46267961	PKDREJ-TTC38	D	-+
chr22	50059391	50089879	MLC1-MOV10L1	D	-+
chr22	50502949	50508224	LMF2-NCAPH2	D	-+
chrX	9725346	9786429	GPR143-SHROOM2	D	-+
chrX	13712244	13734743	TRAPPC2-OFD1	D	-+
chrX	14835961	14873421	FANCB-MOSPD2	D	-+
chrX	18639688	18675909	RS1-PPEF1	D	-+
chrX	23833353	23908006	APOO-CXorf58	D	-+
chrX	48458537	48476021	SLC38A5-FTSJ1	D	-+
chrX	49205063	49235470	CACNA1F-CCDC22	D	-+
chrX	50190777	50202713	AKAP4-CCNB3	D	-+
chrX	54748918	54807599	ITIH6-MAGED2	D	-+
chrX	54932961	55000363	PFKFB1-APEX2	D	-+
chrX	70258166	70268305	P2RY4-ARR3	D	-+
chrX	71103987	71118543	ENSG00000285171-MED12	D	-+
chrX	77825747	77899440	MAGT1-COX7B	D	-+
chrX	81113699	81202102	HMGN5-SH3BGRL	D	-+
chrX	85092284	85243991	SATL1-ZNF711	D	-+
chrX	93670930	93674013	NAP1L3-FAM133A	D	-+
chrX	100627108	100644195	TSPAN6-SRPX2	D	-+
chrX	101349447	101391011	BTK-RPL36A-HNRNPH2	D	-+
chrX	101615118	101622797	ARMCX6-ARMCX3	D	-+
chrX	107123427	107206611	NUP62CL-DNAAF6	D	-+
chrX	108084207	108091668	PSMD10-ATG4A	D	-+
chrX	108155607	108439838	COL4A6-COL4A5	D	-+
chrX	119538149	119574536	STEEP1-UBE2A	D	-+
chrX	119870475	119871832	RNF113A-NDUFA1	D	-+
chrX	130124666	130171962	AIFM1-RAB33A	D	-+
chrX	135020513	135032355	RTL8B-RTL8C	D	-+
chrX	141583674	141589708	SPANXA1-SPANXA2	D	-+
chrX	152708261	152714586	CSAG2-MAGEA2B	D	-+
chrX	152727484	152733757	CSAG1-MAGEA12	D	-+
chrX	152749863	152753921	MAGEA2-CSAG3	D	-+
chrX	152826994	152830967	CETN2-NSDHL	D	-+
chrX	153700492	153724856	BCAP31-ABCD1	D	-+
chrX	153947557	153972754	HCFC1-TMEM187	D	-+
chrX	154021573	154144243	MECP2-OPN1LW	D	-+
chrX	154348524	154379273	FLNA-EMD	D	-+
