Chr	Start	End	Mutations
chr1	1176555	1183426	0
chr1	153615196	153616879	0
chr1	153615196	153616879	0
chr1	161084774	161089571	0
chr1	201980319	201984955	0
chr1	962692	969728	0
chr1	962692	969728	0
chr1	998286	1000706	0
chr1	998286	1000706	0
chr1	1015509	1026203	0
chr1	1111952	1120374	0
chr1	1222215	1235822	0
chr1	1222215	1235822	0
chr1	1244485	1246955	0
chr1	1341348	1349210	0
chr1	1358686	1363984	0
chr1	1376139	1380171	0
chr1	1473389	1477036	0
chr1	1538089	1542285	0
chr1	2519913	2526255	5
chr1	6517874	6523372	0
chr1	11729916	11735114	0
chr1	16152547	16157707	0
chr1	24967850	24970786	0
chr1	27670318	27673049	0
chr1	31407319	31408329	0
chr1	33471142	33473646	0
chr1	40039176	40043311	0
chr1	41236818	41241718	0
chr1	41478446	41487042	0
chr1	44136792	44140514	0
chr1	46758397	46761340	0
chr1	110033239	110035117	0
chr1	145602804	145605156	0
chr1	145702549	145707185	0
chr1	149911296	149919381	0
chr1	150255509	150258428	0
chr1	151371122	151372995	0
chr1	153923539	153928859	0
chr1	153941922	153945051	0
chr1	154319958	154322770	0
chr1	154319958	154322770	0
chr1	154957678	154960208	0
chr1	154976150	154978640	0
chr1	154976150	154978640	0
chr1	155203513	155206214	0
chr1	155249650	155256257	0
chr1	156005010	156011185	0
chr1	156020412	156025681	0
chr1	156679391	156682731	0
chr1	160186117	160188092	0
chr1	161037805	161039918	0
chr1	161070996	161072329	0
chr1	179076883	179081218	0
chr1	203275909	203277230	0
chr1	205501911	205506994	0
chr1	228489385	228492663	0
chr1	958212	962634	0
chr1	1002905	1005129	0
chr1	1002905	1005129	0
chr1	1173710	1176556	0
chr1	1203252	1206876	0
chr1	1246954	1252100	0
chr1	1268316	1273793	0
chr1	1278193	1282647	0
chr1	1305520	1307771	0
chr1	1321122	1322180	0
chr1	1321122	1322180	0
chr1	1322179	1326321	0
chr1	1322179	1326321	0
chr1	1429390	1432089	0
chr1	1432088	1439141	0
chr1	1573732	1578098	0
chr1	1594406	1597811	0
chr1	1614060	1617798	0
chr1	1656930	1659631	0
chr1	2015722	2021141	0
chr1	2427382	2432968	0
chr1	6245038	6246109	0
chr1	6259109	6261709	0
chr1	6605543	6614864	0
chr1	6701885	6707310	0
chr1	9228550	9235605	0
chr1	9820214	9824277	0
chr1	9900602	9907791	0
chr1	11736407	11743647	0
chr1	12059274	12062978	0
chr1	15753464	15758109	0
chr1	17751757	17754953	0
chr1	19208015	19211167	0
chr1	19663051	19665361	0
chr1	19665360	19666595	1
chr1	19666594	19669993	0
chr1	19800489	19803420	0
chr1	19810354	19813223	0
chr1	19814169	19815325	1
chr1	21670023	21673334	0
chr1	21934169	21937586	0
chr1	22429915	22431405	0
chr1	25544193	25545990	0
chr1	27673048	27677182	0
chr1	27725499	27726560	0
chr1	27873473	27878199	0
chr1	31405800	31407320	0
chr1	31409255	31412752	0
chr1	31759073	31762168	0
chr1	32653677	32661008	1
chr1	35641936	35643306	0
chr1	35643305	35644504	0
chr1	36395724	36397327	0
chr1	37946626	37947843	0
chr1	37947842	37949911	0
chr1	38006009	38007965	0
chr1	38006009	38007965	0
chr1	38011903	38014372	1
chr1	40035610	40038585	0
chr1	41487041	41491219	0
chr1	43281715	43283177	2
chr1	43389437	43391043	1
chr1	43389437	43391043	1
chr1	44034404	44037112	0
chr1	44140513	44142302	0
chr1	65421693	65424138	0
chr1	107142137	107142307	0
chr1	108741741	108744063	1
chr1	109113837	109115093	1
chr1	109491289	109492699	0
chr1	109505676	109509013	3
chr1	109613378	109617506	0
chr1	110025746	110029215	0
chr1	114508050	114509109	0
chr1	117208346	117209821	0
chr1	149816393	149817129	0
chr1	149853115	149854348	0
chr1	149853115	149854348	0
chr1	149854347	149856112	0
chr1	149926564	149928208	4
chr1	150235748	150237614	1
chr1	150237613	150238756	0
chr1	150253689	150255510	0
chr1	150280727	150284919	3
chr1	150576244	150581053	2
chr1	150923063	150927085	0
chr1	151006610	151010131	0
chr1	151006610	151010131	0
chr1	151143298	151144819	0
chr1	151145843	151148131	0
chr1	151148151	151151403	0
chr1	151373336	151374824	0
chr1	151511241	151512438	0
chr1	151512437	151515088	0
chr1	152358817	152358979	1
chr1	153613442	153615197	0
chr1	153613442	153615197	0
chr1	153616965	153618375	0
chr1	153618374	153621263	1
chr1	153634638	153635102	0
chr1	153917402	153920413	0
chr1	153920412	153921886	0
chr1	153945093	153950258	2
chr1	153960556	153963825	1
chr1	154207281	154209175	1
chr1	154322769	154324127	2
chr1	154322769	154324127	2
chr1	154324126	154326400	0
chr1	154931358	154933750	1
chr1	154933749	154935415	0
chr1	154937472	154939689	0
chr1	154968693	154971599	3
chr1	154971598	154974063	0
chr1	154971598	154974063	0
chr1	154974062	154976151	3
chr1	154974062	154976151	3
chr1	154990405	154991559	0
chr1	155032634	155035273	3
chr1	155060101	155065934	3
chr1	155182886	155185532	1
chr1	155241528	155242797	0
chr1	155242796	155245576	0
chr1	155260102	155264983	7
chr1	155297699	155298743	0
chr1	155300656	155302298	1
chr1	156142074	156145616	0
chr1	156145615	156148256	0
chr1	156208376	156210010	0
chr1	156210009	156213200	3
chr1	156213199	156216311	0
chr1	156669439	156677928	20
chr1	156703608	156706157	1
chr1	156727628	156728679	0
chr1	156730574	156735862	3
chr1	156751952	156754235	1
chr1	161041770	161045057	1
chr1	161041770	161045057	1
chr1	161089570	161090930	0
chr1	161091244	161092377	0
chr1	161092376	161094183	0
chr1	161128514	161131275	0
chr1	169367836	169369809	0
chr1	180153596	180157775	0
chr1	180902810	180911695	0
chr1	181016529	181021316	0
chr1	201109891	201112733	0
chr1	201430777	201433502	0
chr1	201466105	201468615	2
chr1	201468614	201470092	0
chr1	201470091	201471946	0
chr1	201471945	201473648	0
chr1	201978581	201980320	0
chr1	202885165	202887844	0
chr1	202925701	202926056	0
chr1	202926055	202928213	0
chr1	203762692	203765858	1
chr1	204068065	204070953	0
chr1	204190344	204192242	0
chr1	204194803	204196854	0
chr1	204196853	204199255	0
chr1	204199254	204200453	0
chr1	204210281	204214976	0
chr1	204379633	204381361	0
chr1	204489061	204494269	0
chr1	204497241	204497874	0
chr1	205117920	205120072	0
chr1	207496445	207497339	0
chr1	207497338	207497497	0
chr1	212788102	212790460	0
chr1	212788102	212790460	0
chr1	212790459	212791331	0
chr1	212790459	212791331	0
chr1	224330214	224331961	0
chr1	228101203	228104891	0
chr1	228136146	228140225	0
chr1	229428384	229431960	3
chr2	669210	675872	0
chr2	11482937	11485901	0
chr2	27426056	27430224	0
chr2	27539049	27541584	0
chr2	73283972	73286828	0
chr2	131103931	131106355	0
chr2	132413965	132417612	0
chr2	174782770	174785874	0
chr2	202029792	202031782	0
chr2	231964163	231965962	0
chr2	675871	679007	0
chr2	3593765	3596225	0
chr2	10077881	10079367	0
chr2	10441175	10445355	0
chr2	20646105	20648994	0
chr2	20648993	20649175	0
chr2	20651874	20656654	0
chr2	25042259	25043379	0
chr2	25044216	25049721	0
chr2	27273891	27275986	0
chr2	27282171	27284588	0
chr2	27317667	27323630	0
chr2	27422373	27426057	0
chr2	27430780	27431911	0
chr2	27535034	27538109	0
chr2	27663291	27663968	1
chr2	27663967	27665006	0
chr2	27665005	27668691	0
chr2	47401902	47403191	0
chr2	47403190	47404645	0
chr2	74181748	74183334	0
chr2	74449290	74452882	0
chr2	74647744	74652071	0
chr2	74647744	74652071	0
chr2	74652070	74652963	0
chr2	74652962	74657610	1
chr2	85134086	85135573	1
chr2	85135572	85137329	0
chr2	86439760	86440000	0
chr2	86722060	86723609	0
chr2	111877290	111882809	0
chr2	131099404	131103120	0
chr2	201359809	201362078	0
chr2	202032332	202033433	0
chr2	202033432	202034786	1
chr2	202035660	202036379	1
chr2	203240336	203242454	0
chr2	219190629	219193461	0
chr2	219419603	219421926	1
chr2	219487411	219495709	8
chr2	219497916	219500435	0
chr2	219497916	219500435	0
chr2	227660760	227665447	0
chr2	231587931	231590671	0
chr2	233206059	233207302	0
chr2	237480889	237482455	0
chr2	237482454	237484538	0
chr2	238423716	238431654	0
chr2	241552306	241554552	0
chr3	50328838	50333075	0
chr3	39189846	39191163	0
chr3	196869558	196871408	0
chr3	9879409	9882181	0
chr3	13415540	13421379	0
chr3	13546947	13551903	0
chr3	15101591	15107013	0
chr3	45986773	45993407	0
chr3	48656736	48661681	0
chr3	49164817	49173392	0
chr3	49164817	49173392	0
chr3	49196444	49202470	0
chr3	50296352	50298909	0
chr3	50311881	50315434	0
chr3	169966594	169968142	0
chr3	183697296	183699848	0
chr3	9730489	9731939	0
chr3	9804613	9808030	0
chr3	9877210	9879410	0
chr3	14173427	14175756	0
chr3	14176082	14177693	0
chr3	14176082	14177693	0
chr3	14177692	14184083	1
chr3	14177692	14184083	1
chr3	23911500	23916622	0
chr3	38162875	38165520	0
chr3	38166700	38169830	0
chr3	38494244	38496692	0
chr3	39187521	39189847	4
chr3	39191162	39191392	0
chr3	39191391	39195523	0
chr3	42699250	42702304	0
chr3	42704223	42707644	0
chr3	46983229	46987170	0
chr3	48334354	48335572	0
chr3	48440072	48440926	0
chr3	48440925	48442115	0
chr3	48443332	48444418	0
chr3	48443332	48444418	0
chr3	48444417	48445075	0
chr3	48445074	48446710	0
chr3	48506001	48509307	0
chr3	48628601	48634723	2
chr3	48634722	48637920	0
chr3	48637919	48643768	1
chr3	48681541	48685181	3
chr3	49022981	49026806	2
chr3	49022981	49026806	2
chr3	49091083	49094750	0
chr3	49094749	49098802	3
chr3	49130556	49135023	4
chr3	49352432	49355953	0
chr3	49464925	49467450	0
chr3	49555205	49558266	0
chr3	50152825	50155064	0
chr3	50156323	50160185	0
chr3	50221526	50223675	0
chr3	50224957	50227071	0
chr3	50298908	50300627	1
chr3	50300626	50303356	2
chr3	50308657	50311376	0
chr3	50325781	50328839	1
chr3	51997213	52002150	0
chr3	52287215	52290238	0
chr3	52318142	52322978	1
chr3	52400579	52407893	7
chr3	52400579	52407893	7
chr3	53254933	53257029	0
chr3	53259038	53262445	0
chr3	53849307	53851366	0
chr3	62321499	62321630	0
chr3	62321629	62322015	1
chr3	113442905	113444692	0
chr3	119147689	119149102	1
chr3	119147689	119149102	1
chr3	122181711	122183985	0
chr3	126191908	126195213	0
chr3	127290647	127292569	0
chr3	128468423	128470655	0
chr3	128491173	128494583	0
chr3	140679444	140680413	0
chr3	148868263	148872228	0
chr3	149374258	149377431	0
chr3	169772912	169775698	4
chr3	169872531	169875229	0
chr3	180685333	180686436	0
chr3	183637083	183638672	0
chr3	183887527	183890619	0
chr3	184029393	184031498	0
chr3	184048970	184051532	0
chr3	184294734	184300134	0
chr3	194367900	194369222	0
chr3	196500219	196502200	0
chr3	196515253	196516096	0
chr3	196565546	196568514	0
chr3	196642218	196644132	0
chr4	980329	986191	0
chr4	980329	986191	0
chr4	1010995	1018387	0
chr4	2260881	2265346	0
chr4	2534048	2540450	0
chr4	2792689	2801682	0
chr4	2931355	2937274	0
chr4	3243395	3245653	0
chr4	3291637	3297568	0
chr4	7040402	7046364	0
chr4	40056694	40059276	0
chr4	500866	502417	0
chr4	500866	502417	0
chr4	667235	670967	0
chr4	671881	686398	0
chr4	986275	992081	0
chr4	986275	992081	0
chr4	1002045	1010228	0
chr4	1205766	1208264	0
chr4	1288149	1291611	0
chr4	1343872	1349988	1
chr4	1870236	1874656	0
chr4	2257686	2260882	1
chr4	2937273	2938561	0
chr4	4245175	4247721	2
chr4	6642500	6644186	0
chr4	6691062	6695215	0
chr4	6709035	6711807	3
chr4	7065196	7068058	0
chr4	10111124	10114002	0
chr4	10114001	10114051	0
chr4	10114546	10116978	1
chr4	10117774	10119282	0
chr4	15003422	15007010	0
chr4	17811929	17813156	0
chr4	24584119	24587044	0
chr4	52746646	52749150	0
chr4	69214608	69216850	0
chr4	74096924	74103390	4
chr4	76436565	76439375	0
chr4	77817193	77819881	1
chr4	83284871	83285298	0
chr4	169759954	169761109	0
chr4	186065161	186066648	0
chr4	186070677	186071377	0
chr5	2750397	2753893	0
chr5	10351479	10355116	0
chr5	1877495	1884778	3
chr5	16463415	16467627	0
chr5	34929169	34931038	0
chr5	36240374	36242368	0
chr5	137870435	137874398	0
chr5	852245	859804	0
chr5	859803	864264	0
chr5	891091	894033	0
chr5	1111265	1113967	0
chr5	1345978	1349738	0
chr5	2746540	2749102	0
chr5	2753892	2756467	0
chr5	6378119	6379875	0
chr5	6632052	6634869	0
chr5	6632052	6634869	0
chr5	14142690	14145760	0
chr5	14664176	14668244	0
chr5	32173433	32175968	1
chr5	32312297	32314804	0
chr5	35229152	35232190	0
chr5	36875102	36877409	0
chr5	40754857	40757417	0
chr5	40829942	40832380	0
chr5	79994219	79995637	0
chr5	79994219	79995637	0
chr5	132297912	132300280	0
chr5	134366891	134372063	0
chr5	134366891	134372063	0
chr5	134733777	134737251	0
chr5	138140688	138141840	1
chr5	138271179	138276195	0
chr5	140698254	140698771	0
chr5	140698770	140699385	0
chr5	141318761	141319836	1
chr5	141319835	141322844	0
chr5	150408154	150410137	0
chr5	150410136	150412154	0
chr5	150487255	150491858	0
chr5	154191114	154193377	0
chr5	172196829	172199693	0
chr5	177023376	177026773	0
chr5	177023376	177026773	0
chr5	177549892	177552947	0
chr5	177556588	177560305	0
chr5	179025447	179027580	0
chr6	33421217	33423661	0
chr6	43640454	43650406	0
chr6	3060035	3066192	0
chr6	3454816	3459998	0
chr6	3848329	3851411	0
chr6	12009077	12010486	0
chr6	30161487	30163341	0
chr6	30161487	30163341	0
chr6	30553555	30558069	0
chr6	30553555	30558069	0
chr6	30877308	30884227	0
chr6	31620283	31624520	0
chr6	34241024	34247663	0
chr6	35453229	35456340	0
chr6	43039089	43041939	0
chr6	43169105	43172012	0
chr6	44121421	44124599	0
chr6	44219473	44223058	0
chr6	44219473	44223058	0
chr6	44267072	44271085	0
chr6	44267072	44271085	0
chr6	116571729	116573909	0
chr6	2761965	2767025	0
chr6	2839358	2840272	0
chr6	2987623	2990018	0
chr6	4016320	4019149	0
chr6	8433007	8434718	0
chr6	8435235	8436425	0
chr6	10418186	10419860	0
chr6	12292752	12293949	0
chr6	13573199	13575710	0
chr6	13710156	13712818	0
chr6	15247983	15249549	0
chr6	16128122	16130349	0
chr6	17392992	17394713	0
chr6	17603142	17605290	0
chr6	17705721	17707641	0
chr6	18263590	18268033	0
chr6	19837188	19839683	0
chr6	24661903	24664127	0
chr6	24661903	24664127	0
chr6	26051729	26056844	4
chr6	26155809	26156293	0
chr6	26155809	26156293	0
chr6	26156292	26158525	8
chr6	26156292	26158525	8
chr6	26158524	26158589	0
chr6	26158524	26158589	0
chr6	26159060	26160065	0
chr6	26159060	26160065	0
chr6	26233055	26234415	2
chr6	26234414	26234916	4
chr6	26596662	26599359	4
chr6	27804287	27806567	0
chr6	27804287	27806567	0
chr6	27834387	27836383	0
chr6	27834387	27836383	0
chr6	27834387	27836383	0
chr6	30165625	30167107	0
chr6	30569663	30570776	0
chr6	30570775	30571512	0
chr6	30616060	30618828	1
chr6	30618827	30620243	4
chr6	30623622	30625328	0
chr6	30627586	30630700	0
chr6	30671862	30677183	0
chr6	30687784	30690020	0
chr6	30687784	30690020	0
chr6	30690731	30692305	0
chr6	30690731	30692305	0
chr6	31496217	31497464	0
chr6	31591418	31593692	0
chr6	31593792	31594432	0
chr6	31595118	31596817	0
chr6	31612592	31614984	0
chr6	31618472	31620284	0
chr6	31828587	31830744	1
chr6	32129583	32133762	0
chr6	32154400	32156830	3
chr6	32154400	32156830	3
chr6	33269669	33270761	1
chr6	33269669	33270761	1
chr6	33273620	33275571	0
chr6	33273620	33275571	0
chr6	33282210	33286388	0
chr6	33282210	33286388	0
chr6	33409589	33413137	1
chr6	33415216	33417776	1
chr6	33418318	33420791	0
chr6	33743830	33746355	0
chr6	33746354	33747187	0
chr6	33747186	33751014	0
chr6	35450340	35453230	0
chr6	35463526	35467070	0
chr6	35467069	35469889	3
chr6	36946020	36948469	0
chr6	38640731	38643265	0
chr6	41736496	41740123	1
chr6	42975882	42978837	0
chr6	42980050	42983009	0
chr6	42980050	42983009	0
chr6	42987344	42988618	0
chr6	43011370	43015671	7
chr6	43018601	43020500	2
chr6	43020499	43022254	1
chr6	43022253	43023772	0
chr6	43166066	43169106	0
chr6	43421898	43425664	0
chr6	43474232	43476802	0
chr6	43476832	43478992	0
chr6	43478991	43482039	0
chr6	44216924	44218289	0
chr6	44216924	44218289	0
chr6	44264966	44266711	1
chr6	52364466	52364988	0
chr6	52364987	52369899	0
chr6	87704352	87704531	0
chr6	99994925	99997078	0
chr6	144061678	144064082	0
chr6	149898100	149899997	0
chr6	150143118	150145538	0
chr6	159040328	159046173	1
chr7	1571347	1573039	0
chr7	290883	298575	0
chr7	1507266	1515503	0
chr7	5420574	5423764	0
chr7	5566825	5573672	0
chr7	6060601	6062211	0
chr7	44104016	44107731	0
chr7	44793385	44796706	0
chr7	44842388	44845123	0
chr7	72444941	72450375	0
chr7	73153726	73156222	0
chr7	73619768	73629983	0
chr7	74283654	74287129	0
chr7	96319538	96321910	0
chr7	100171577	100172293	0
chr7	100482762	100486027	0
chr7	100875255	100878530	0
chr7	149191026	149193172	0
chr7	150796554	150802381	0
chr7	151075860	151081227	0
chr7	151075860	151081227	0
chr7	151207023	151208527	0
chr7	287609	290884	0
chr7	806195	814536	0
chr7	1504209	1507267	0
chr7	1567796	1571348	0
chr7	1573038	1576435	0
chr7	2507053	2519325	0
chr7	2633945	2636806	0
chr7	5560290	5561181	0
chr7	5561292	5562465	0
chr7	5562464	5565102	0
chr7	5565101	5566826	0
chr7	5590607	5594159	0
chr7	5594459	5596693	0
chr7	6544916	6552463	0
chr7	6638470	6644948	0
chr7	7639111	7641101	2
chr7	30026159	30029982	0
chr7	30026159	30029982	0
chr7	44103690	44104017	0
chr7	44604743	44608508	0
chr7	44608507	44610987	0
chr7	44745836	44750980	0
chr7	44796872	44806667	1
chr7	44887187	44891291	0
chr7	65982787	65987100	0
chr7	66202981	66207224	0
chr7	72965511	72968066	0
chr7	72970644	72973511	1
chr7	73086353	73088066	0
chr7	73149475	73153458	0
chr7	73153457	73153705	0
chr7	73156263	73157061	0
chr7	73157060	73158596	0
chr7	74287741	74294256	0
chr7	76050629	76052444	0
chr7	76050629	76052444	0
chr7	87059482	87059645	0
chr7	97864506	97873950	1
chr7	99500224	99502095	0
chr7	99611338	99614308	0
chr7	99830147	99836204	0
chr7	100162504	100169327	1
chr7	100169426	100171578	2
chr7	100174109	100175576	0
chr7	100174109	100175576	0
chr7	100175575	100177794	3
chr7	100175575	100177794	3
chr7	100177793	100180612	0
chr7	100177793	100180612	0
chr7	100476127	100478368	1
chr7	100478367	100481347	0
chr7	100478367	100481347	0
chr7	100481346	100482763	0
chr7	100481346	100482763	0
chr7	100486026	100495574	5
chr7	100730341	100732434	0
chr7	100732433	100733546	0
chr7	100733545	100737332	1
chr7	100886432	100889209	7
chr7	101811545	101815982	0
chr7	107562668	107566239	0
chr7	138977476	138979003	0
chr7	142964912	142965663	0
chr7	149124253	149127155	0
chr7	149124253	149127155	0
chr7	149459942	149464809	0
chr7	150804107	150806214	0
chr7	150816337	150821691	0
chr7	150822329	150826350	0
chr7	151203638	151204621	0
chr7	154997389	155004887	0
chr7	157011176	157012260	0
chr8	22051635	22057203	0
chr8	98287123	98291476	0
chr8	143358998	143367717	0
chr8	143358998	143367717	0
chr8	143555807	143567823	0
chr8	143733411	143737053	0
chr8	143815715	143819158	0
chr8	143827288	143840557	0
chr8	143827288	143840557	0
chr8	144374801	144380110	0
chr8	144456074	144464124	0
chr8	144456074	144464124	0
chr8	144516748	144525237	0
chr8	144516748	144525237	0
chr8	144683032	144689429	0
chr8	144797697	144804239	0
chr8	144891585	144904901	0
chr8	144948802	144951960	0
chr8	9000104	9001278	0
chr8	9003329	9005438	0
chr8	22037326	22040318	0
chr8	22440906	22444585	0
chr8	22542204	22543699	0
chr8	22546569	22551606	0
chr8	30659308	30662431	0
chr8	42267584	42270342	0
chr8	42373846	42374991	2
chr8	43092803	43092890	0
chr8	43092889	43092932	0
chr8	43092931	43092974	0
chr8	43093048	43093100	0
chr8	43093099	43093142	0
chr8	43093141	43093184	0
chr8	43096066	43096151	0
chr8	43096150	43096193	0
chr8	48919141	48921771	1
chr8	67342394	67343432	2
chr8	67953183	67954853	0
chr8	76683191	76683555	0
chr8	76683554	76683668	0
chr8	76683667	76683708	0
chr8	86320583	86320711	0
chr8	102655336	102656919	1
chr8	141510433	141513352	0
chr8	143354006	143358999	0
chr8	143367716	143374969	1
chr8	143614028	143619457	3
chr8	143731265	143733412	0
chr8	143814899	143815716	0
chr8	143824308	143826707	0
chr8	144101964	144106993	0
chr8	144106992	144108904	1
chr8	144109161	144110527	0
chr8	144110700	144112881	0
chr8	144133187	144137826	0
chr8	144331283	144333942	1
chr8	144464123	144468937	4
chr8	144464123	144468937	4
chr8	144681358	144683033	0
chr8	144796497	144797698	0
chr8	144904900	144906135	0
chr8	144942119	144948691	1
chr8	144948690	144948803	0
chr8	144951959	144956246	0
chr8	145049007	145052804	2
chr8	145053582	145056480	2
chr9	130939514	130943782	0
chr9	136837265	136840876	0
chr9	21805350	21808145	0
chr9	35731769	35735065	0
chr9	37420494	37424311	0
chr9	130267671	130272002	0
chr9	130575987	130581539	0
chr9	130693414	130695570	0
chr9	130705251	130714149	0
chr9	132399022	132405854	0
chr9	132578675	132580435	0
chr9	133347385	133350833	0
chr9	133347385	133350833	0
chr9	136658414	136664920	0
chr9	136805005	136806831	0
chr9	136849757	136858313	0
chr9	137248604	137250944	0
chr9	137248604	137250944	0
chr9	137297839	137299961	0
chr9	137543381	137548733	0
chr9	4792342	4794054	0
chr9	6006800	6009152	0
chr9	21332152	21332459	0
chr9	33163372	33164926	0
chr9	33165285	33168218	0
chr9	33264048	33266660	1
chr9	33287818	33290483	0
chr9	34604639	34612715	0
chr9	34988929	34991955	3
chr9	35068751	35071198	0
chr9	35098046	35101242	0
chr9	35098046	35101242	0
chr9	35735064	35736054	1
chr9	37425519	37429244	2
chr9	37464307	37465973	0
chr9	38063749	38066402	0
chr9	38067496	38071703	0
chr9	38392153	38397680	1
chr9	38619480	38622699	1
chr9	91952138	91953774	0
chr9	95869350	95875223	0
chr9	96410285	96416913	0
chr9	96927853	96929912	1
chr9	97848915	97850564	0
chr9	97850563	97851475	0
chr9	97851474	97853008	0
chr9	97853007	97853453	0
chr9	97853452	97854852	0
chr9	113339369	113340414	0
chr9	113340413	113340583	0
chr9	114394748	114398006	0
chr9	116150373	116154104	0
chr9	117413502	117415027	0
chr9	123932425	123934790	0
chr9	124446056	124450890	0
chr9	125747322	125748503	0
chr9	130165435	130170049	0
chr9	130262434	130263544	0
chr9	130263543	130267105	0
chr9	130691362	130693415	0
chr9	130938429	130939515	0
chr9	131010766	131014031	0
chr9	131089784	131095428	1
chr9	131095427	131101740	0
chr9	131122691	131124014	0
chr9	131124013	131127879	3
chr9	131285161	131293656	2
chr9	131499766	131503164	0
chr9	131505197	131507322	0
chr9	132076717	132084977	2
chr9	132669481	132673299	0
chr9	133336506	133339384	0
chr9	133350832	133358190	4
chr9	133350832	133358190	4
chr9	133350832	133358190	4
chr9	133988368	133991041	0
chr9	133993174	133996720	0
chr9	135544918	135547187	1
chr9	136201617	136206291	0
chr9	136322922	136326841	0
chr9	136328604	136330953	0
chr9	136709963	136715006	0
chr9	136741384	136746851	0
chr9	136747761	136749781	2
chr9	136761841	136763826	0
chr9	136763825	136766651	0
chr9	136790259	136797754	2
chr9	136797835	136802310	0
chr9	136809201	136814361	0
chr9	136840941	136844010	0
chr9	136848096	136849570	1
chr9	137243395	137245276	7
chr9	137251814	137255770	1
chr9	137251814	137255770	1
chr9	137255769	137260452	0
chr9	137267923	137275579	0
chr9	137275578	137279352	0
chr9	137300803	137304683	1
chr9	137304682	137305905	0
chr10	5978144	5981032	0
chr10	91404113	91407300	0
chr10	99433522	99436184	0
chr10	103365592	103368622	0
chr10	104234249	104238761	0
chr10	104234249	104238761	0
chr10	983403	988131	0
chr10	1049479	1051693	0
chr10	1049479	1051693	0
chr10	5526741	5529208	0
chr10	5975752	5978145	0
chr10	30632415	30634262	0
chr10	61665091	61668257	0
chr10	70236163	70237669	0
chr10	73993359	73997520	0
chr10	100004879	100007424	0
chr10	100183150	100186494	0
chr10	102114988	102117652	0
chr10	102133242	102135268	0
chr10	102738315	102741091	0
chr10	103909109	103916626	0
chr10	103917768	103919575	0
chr10	104123657	104126973	4
chr10	131983918	131985603	0
chr11	47185502	47187406	0
chr11	391474	403172	2
chr11	785737	788087	0
chr11	1307116	1313532	0
chr11	1570655	1575047	0
chr11	505463	509207	0
chr11	538749	542841	0
chr11	538749	542841	0
chr11	556590	559848	0
chr11	565319	573813	0
chr11	621847	625748	0
chr11	621847	625748	0
chr11	704129	709843	0
chr11	800941	804194	1
chr11	825525	835770	5
chr11	825525	835770	5
chr11	1588792	1598945	3
chr11	1604838	1606657	0
chr11	2423475	2430115	0
chr11	2931577	2934330	0
chr11	6470672	6473558	0
chr11	6617864	6619734	0
chr11	47249326	47251950	0
chr11	47346505	47349851	0
chr11	47594562	47597152	0
chr11	57456331	57459229	0
chr11	60698971	60707036	0
chr11	61241483	61248853	0
chr11	61290719	61293578	0
chr11	61500979	61506449	0
chr11	62553930	62556449	0
chr11	62586369	62589946	0
chr11	63680530	63685127	0
chr11	63765075	63768180	0
chr11	65175062	65180158	0
chr11	65616146	65618276	0
chr11	65616146	65618276	0
chr11	66008631	66016889	0
chr11	66041446	66046295	0
chr11	66288133	66289792	0
chr11	66616991	66622838	0
chr11	67047070	67060205	0
chr11	67267152	67278877	0
chr11	68270720	68272401	0
chr11	68843810	68851675	0
chr11	70269107	70273065	0
chr11	126204158	126208977	0
chr11	126204158	126208977	0
chr11	409837	421902	0
chr11	503751	505224	0
chr11	559847	563950	0
chr11	612422	613107	0
chr11	613559	621848	0
chr11	636398	638772	0
chr11	639184	643645	0
chr11	788086	790487	0
chr11	790486	794786	0
chr11	794785	800942	0
chr11	812545	815675	0
chr11	812545	815675	0
chr11	819397	823376	0
chr11	819397	823376	0
chr11	823375	825526	0
chr11	835769	836637	0
chr11	838163	840312	0
chr11	840311	841015	0
chr11	841104	844387	0
chr11	844386	847149	0
chr11	1582218	1583893	0
chr11	1583892	1586300	0
chr11	1586299	1588793	0
chr11	1598944	1599811	0
chr11	1617529	1619889	0
chr11	2398081	2404436	3
chr11	2415524	2420345	2
chr11	2421131	2423476	0
chr11	6496628	6497461	0
chr11	6497566	6499194	1
chr11	8016472	8017795	0
chr11	43357058	43358976	0
chr11	45883160	45886994	0
chr11	45901652	45904761	1
chr11	45905355	45906802	0
chr11	46385530	46389958	2
chr11	46392428	46396966	0
chr11	46697954	46702904	1
chr11	46697954	46702904	1
chr11	46714229	46724744	2
chr11	47182970	47185503	0
chr11	47187405	47187829	0
chr11	47187828	47189377	0
chr11	47593976	47594563	0
chr11	47767930	47771179	0
chr11	57535734	57538821	0
chr11	57562885	57565478	0
chr11	60903011	60904140	1
chr11	61099736	61103765	0
chr11	61298000	61301875	0
chr11	61344580	61350835	2
chr11	62295576	62297611	1
chr11	62299125	62300803	0
chr11	62552271	62553931	0
chr11	62556448	62557696	0
chr11	62557695	62559745	0
chr11	62592309	62594439	0
chr11	62599288	62600623	0
chr11	62607161	62610473	1
chr11	62645181	62647354	1
chr11	62647353	62647799	0
chr11	62647798	62649006	3
chr11	62649005	62649855	0
chr11	62675600	62679488	3
chr11	63668884	63670571	0
chr11	63678700	63680531	0
chr11	63768179	63769585	0
chr11	63770271	63772154	0
chr11	63806207	63810787	0
chr11	64590080	64599046	4
chr11	64885244	64886201	0
chr11	64886465	64887665	0
chr11	64887664	64890038	0
chr11	64972045	64973437	0
chr11	64973436	64977184	0
chr11	65086391	65088430	4
chr11	65086391	65088430	4
chr11	65088429	65091479	0
chr11	65111358	65115551	2
chr11	65182066	65186255	2
chr11	65356573	65367766	2
chr11	65383930	65386554	0
chr11	65383930	65386554	0
chr11	65388656	65396082	0
chr11	65618275	65621805	0
chr11	65618275	65621805	0
chr11	65634458	65636346	1
chr11	65636345	65642209	0
chr11	65657867	65660116	2
chr11	65660115	65663292	0
chr11	65774359	65778605	1
chr11	66022458	66027219	2
chr11	66027615	66030036	0
chr11	66046294	66047512	0
chr11	66049101	66050859	0
chr11	66049101	66050859	0
chr11	66051705	66056930	2
chr11	66051705	66056930	2
chr11	66290144	66293458	0
chr11	66417575	66419512	0
chr11	66612327	66616992	0
chr11	66955802	66957534	0
chr11	67117205	67119032	0
chr11	67119248	67121790	0
chr11	67261833	67265201	0
chr11	67265252	67267153	0
chr11	70273064	70276794	0
chr11	71817311	71821759	0
chr11	71821758	71823115	0
chr11	71931989	71935528	0
chr11	73372370	73374213	0
chr11	73374894	73375859	0
chr11	73375963	73378859	0
chr11	77297756	77299421	0
chr11	93540731	93541985	0
chr11	118786894	118788216	0
chr11	118790288	118799123	0
chr11	119179255	119183615	3
chr11	119205762	119209084	0
chr11	130064937	130071684	0
chr12	53340365	53350488	0
chr12	54392690	54395210	0
chr12	6339490	6343916	0
chr12	6602234	6604846	0
chr12	6700505	6703432	0
chr12	49180755	49185939	0
chr12	52442585	52449168	0
chr12	52575371	52584399	0
chr12	53297130	53297843	0
chr12	53297130	53297843	0
chr12	53425935	53428576	0
chr12	53443566	53447652	0
chr12	53622008	53626000	0
chr12	56736480	56740128	0
chr12	56996699	56999965	0
chr12	122076554	122079904	0
chr12	123974897	123980004	0
chr12	132330343	132337570	0
chr12	133133953	133140375	0
chr12	6308633	6313229	0
chr12	6641580	6645282	0
chr12	6646970	6648662	0
chr12	6687620	6690337	0
chr12	6786062	6788480	0
chr12	6852397	6857643	0
chr12	6876519	6881019	0
chr12	6969592	6971884	0
chr12	6972059	6975923	0
chr12	7124591	7126990	0
chr12	7124591	7126990	0
chr12	13043832	13045097	0
chr12	13045096	13047196	0
chr12	29494023	29495527	0
chr12	29496545	29497720	0
chr12	48177732	48180878	0
chr12	48177732	48180878	0
chr12	48478655	48479819	0
chr12	49057269	49058980	0
chr12	49318426	49320499	0
chr12	49320498	49321540	0
chr12	49333651	49336027	0
chr12	49337216	49340428	0
chr12	49340427	49344543	0
chr12	49947520	49949969	0
chr12	49951030	49954354	0
chr12	49956924	49962012	0
chr12	50024750	50030271	0
chr12	52397867	52404576	1
chr12	52430213	52433008	2
chr12	52433007	52434914	1
chr12	52449167	52449547	0
chr12	52449546	52450891	5
chr12	52450890	52451780	0
chr12	52452444	52453149	0
chr12	52453148	52455324	0
chr12	52471223	52476279	2
chr12	52569122	52571465	1
chr12	52571464	52573187	0
chr12	52573186	52573786	3
chr12	52573785	52575372	0
chr12	52649679	52650939	2
chr12	52681587	52684250	0
chr12	53290546	53293241	1
chr12	53293240	53294233	1
chr12	53295290	53296180	1
chr12	53296179	53297131	0
chr12	53296179	53297131	0
chr12	53421563	53422085	0
chr12	53422084	53423594	0
chr12	53437264	53439589	0
chr12	53439588	53440623	0
chr12	53440622	53443567	0
chr12	53451005	53455454	1
chr12	54366151	54370114	0
chr12	54386741	54392691	0
chr12	56117474	56118793	2
chr12	56117474	56118793	2
chr12	56120613	56123394	2
chr12	56222033	56225089	0
chr12	56222033	56225089	0
chr12	56485145	56486632	0
chr12	56486631	56488965	0
chr12	56488964	56490365	0
chr12	56520558	56523369	0
chr12	56641349	56644360	1
chr12	56747840	56752015	1
chr12	56993127	56996700	3
chr12	57008263	57010098	0
chr12	70635500	70637976	3
chr12	79931584	79935771	2
chr12	79938247	79940539	0
chr12	101696465	101699094	0
chr12	108128187	108129725	0
chr12	120530108	120532134	0
chr12	120532579	120534355	0
chr12	120726449	120729902	0
chr12	120900445	120902205	0
chr12	121669388	121673109	2
chr12	121675534	121676782	0
chr12	122262133	122269142	0
chr12	122498495	122499852	1
chr12	122752077	122754606	0
chr12	123246864	123248393	0
chr12	124884869	124889499	0
chr12	124912634	124917127	6
chr12	124917126	124921291	0
chr12	124993964	124997454	0
chr12	132614767	132622288	10
chr12	133127726	133131602	0
chr13	30424123	30425317	0
chr13	113360068	113366048	0
chr13	30423049	30424124	0
chr13	46106500	46109724	0
chr13	52156759	52159472	0
chr13	99196982	99201959	0
chr13	113655913	113660631	1
chr13	113862507	113865231	0
chr13	113973624	113974577	0
chr13	113974576	113976189	0
chr14	23377186	23380387	5
chr14	91779183	91784217	0
chr14	103374401	103383281	0
chr14	105164826	105172892	0
chr14	105183897	105186196	0
chr14	21674167	21675267	0
chr14	23304583	23305911	0
chr14	23349273	23351164	0
chr14	23351163	23352654	0
chr14	23367593	23369169	0
chr14	23434254	23438021	0
chr14	24569640	24574077	2
chr14	24605528	24608480	3
chr14	24634673	24636156	0
chr14	34983572	34989223	0
chr14	61186968	61191336	0
chr14	65412063	65415835	0
chr14	69257983	69258758	0
chr14	69258757	69260836	0
chr14	69260835	69260898	0
chr14	69260897	69263863	0
chr14	71322841	71322953	0
chr14	73569897	73572050	0
chr14	73594782	73596831	2
chr14	74427785	74430666	0
chr14	77498397	77500581	0
chr14	77796043	77797135	0
chr14	77797134	77800840	0
chr14	91945109	91946419	0
chr14	94513314	94517360	0
chr14	103057033	103060344	0
chr14	105178818	105182643	0
chr14	105470256	105474111	0
chr14	105474110	105476538	0
chr14	105485907	105488311	0
chr15	41776257	41780671	0
chr15	73874930	73877982	0
chr15	75638250	75645821	0
chr15	75709642	75713555	0
chr15	90385769	90390739	0
chr15	90931089	90933684	0
chr15	101805019	101810830	0
chr15	101805019	101810830	0
chr15	40753505	40755200	0
chr15	40757707	40760193	0
chr15	41407615	41410957	0
chr15	43692072	43695274	0
chr15	43819562	43823162	0
chr15	50267717	50267760	0
chr15	51827482	51827608	0
chr15	51828091	51828228	0
chr15	51828227	51828328	0
chr15	52527948	52529846	0
chr15	52793869	52793994	0
chr15	72657660	72659833	0
chr15	73047841	73050983	0
chr15	75192362	75193682	0
chr15	75647231	75649339	0
chr15	82431802	82434913	2
chr16	30407810	30408931	0
chr16	521057	525052	0
chr16	2749610	2755812	0
chr16	4848461	4851195	0
chr16	30537019	30541826	0
chr16	31062029	31072185	0
chr16	31716087	31719477	0
chr16	67238316	67243085	0
chr16	88863450	88866897	0
chr16	423722	432672	0
chr16	634578	642400	0
chr16	634578	642400	0
chr16	666739	673206	0
chr16	666739	673206	0
chr16	683191	688855	5
chr16	683191	688855	5
chr16	714532	723942	5
chr16	728255	741412	2
chr16	752086	758076	0
chr16	2045577	2053621	0
chr16	2152551	2169145	0
chr16	2256617	2265495	0
chr16	2265494	2277379	0
chr16	2472734	2476315	0
chr16	2472734	2476315	0
chr16	2777799	2787601	0
chr16	2980482	2987616	0
chr16	2980482	2987616	0
chr16	3022807	3031999	0
chr16	3042202	3052029	0
chr16	3059841	3067127	0
chr16	3095996	3098652	0
chr16	3206561	3214525	0
chr16	4420094	4424842	0
chr16	4420094	4424842	0
chr16	4535277	4538572	0
chr16	4800239	4802327	0
chr16	8877877	8880534	0
chr16	8977546	8980723	0
chr16	22296805	22301403	0
chr16	28489318	28492297	0
chr16	28489318	28492297	0
chr16	29815920	29819358	0
chr16	30097038	30100750	0
chr16	30194124	30201553	0
chr16	30194124	30201553	0
chr16	30746152	30752867	0
chr16	30783663	30785612	0
chr16	30899301	30900761	0
chr16	30979758	30983122	0
chr16	31090683	31096992	0
chr16	31111602	31121376	0
chr16	31210705	31213239	0
chr16	31504179	31507213	0
chr16	67647476	67651435	0
chr16	67974490	67977705	0
chr16	75265742	75269177	0
chr16	84700733	84705686	0
chr16	84818231	84821214	0
chr16	85112943	85116037	0
chr16	88566662	88575490	0
chr16	88699658	88703704	0
chr16	88784817	88785661	0
chr16	88800021	88805536	0
chr16	88813462	88818516	0
chr16	88867720	88894520	0
chr16	223301	227106	0
chr16	568017	570320	0
chr16	627257	634579	0
chr16	627257	634579	0
chr16	673205	677410	0
chr16	678162	679243	0
chr16	679242	682343	0
chr16	710076	714533	0
chr16	741411	742266	0
chr16	742622	748142	0
chr16	762802	764028	0
chr16	780704	786000	0
chr16	780704	786000	0
chr16	1411274	1413258	0
chr16	1413257	1414145	0
chr16	1415774	1421578	0
chr16	1415774	1421578	0
chr16	1442759	1450655	0
chr16	1484289	1488867	0
chr16	1706431	1709129	1
chr16	1795790	1798629	0
chr16	1822223	1828879	2
chr16	1828878	1831499	0
chr16	1984630	1986494	1
chr16	2009126	2013697	0
chr16	2009126	2013697	0
chr16	2040558	2045578	1
chr16	2131733	2136858	0
chr16	2136857	2138778	0
chr16	2136857	2138778	0
chr16	2138777	2143082	0
chr16	2138777	2143082	0
chr16	2200490	2204177	0
chr16	2204176	2205382	0
chr16	2218683	2225598	1
chr16	2225597	2228028	0
chr16	2234492	2238870	4
chr16	2510019	2519609	1
chr16	2787600	2790523	0
chr16	2795494	2797842	0
chr16	2818473	2820534	1
chr16	2906337	2910955	0
chr16	2910954	2913620	0
chr16	3002601	3013512	0
chr16	3002601	3013512	0
chr16	3016011	3022405	0
chr16	3033591	3038484	0
chr16	3099126	3101359	0
chr16	3105092	3110103	0
chr16	3358861	3361678	0
chr16	4235394	4239544	0
chr16	4425848	4430788	0
chr16	4463094	4471790	0
chr16	4788074	4789440	0
chr16	4798464	4800240	0
chr16	4843701	4848462	0
chr16	4958519	4962352	1
chr16	8784251	8791803	0
chr16	11636657	11639367	0
chr16	18799354	18802955	0
chr16	20900771	20904917	0
chr16	21997720	22001759	0
chr16	22437227	22439314	0
chr16	23516635	23520016	0
chr16	23520991	23523090	0
chr16	23593923	23596488	0
chr16	27546570	27552752	0
chr16	27546570	27552752	0
chr16	28487113	28489319	2
chr16	28494915	28496176	6
chr16	28494915	28496176	6
chr16	28496175	28498824	13
chr16	28508995	28514718	0
chr16	28843401	28843969	0
chr16	28843401	28843969	0
chr16	28843968	28848223	4
chr16	28843968	28848223	4
chr16	28848222	28848516	0
chr16	28848222	28848516	0
chr16	28848515	28849633	0
chr16	28848515	28849633	0
chr16	28934904	28937158	2
chr16	28985073	28989121	2
chr16	29819357	29819845	1
chr16	29820172	29821703	0
chr16	29823032	29829018	0
chr16	29920677	29924291	0
chr16	29924993	29927733	0
chr16	30017060	30021096	0
chr16	30021095	30027673	4
chr16	30073957	30077584	0
chr16	30077831	30079332	0
chr16	30091772	30097039	2
chr16	30091772	30097039	2
chr16	30118020	30126898	2
chr16	30366796	30368805	0
chr16	30366796	30368805	0
chr16	30369357	30371454	0
chr16	30369357	30371454	0
chr16	30403991	30407811	0
chr16	30408930	30410652	0
chr16	30534535	30537020	0
chr16	30583807	30585145	0
chr16	30585969	30588678	0
chr16	30741002	30746153	0
chr16	30785611	30786453	0
chr16	30786452	30787534	0
chr16	30788765	30791731	0
chr16	30891377	30896230	1
chr16	30891377	30896230	1
chr16	30939501	30946651	0
chr16	30958471	30960064	1
chr16	30983187	30984591	0
chr16	30985688	30989043	1
chr16	31072184	31074601	0
chr16	31096991	31098199	0
chr16	31102348	31107855	0
chr16	31131729	31133066	2
chr16	31133606	31137671	0
chr16	31137670	31140425	0
chr16	31198997	31200811	0
chr16	31201957	31205990	0
chr16	31713411	31716088	0
chr16	57282753	57285807	0
chr16	57665038	57668810	0
chr16	57690893	57696698	0
chr16	57696697	57699777	0
chr16	58023965	58031457	0
chr16	66750810	66751841	0
chr16	66751886	66753245	0
chr16	67183046	67186711	0
chr16	67186710	67190440	1
chr16	67186710	67190440	1
chr16	67186710	67190440	1
chr16	67224812	67230380	2
chr16	67232781	67238317	4
chr16	67560493	67566898	0
chr16	67644908	67647070	2
chr16	67670073	67672285	0
chr16	67939442	67942756	0
chr16	67966567	67967369	0
chr16	67967368	67972997	0
chr16	67977704	67987493	4
chr16	67977704	67987493	4
chr16	68263033	68265407	0
chr16	68265406	68267735	0
chr16	68740150	68743796	0
chr16	69753249	69759166	1
chr16	69763607	69767030	0
chr16	69944942	69948691	0
chr16	70795674	70798551	0
chr16	75145476	75147166	0
chr16	75147901	75149963	0
chr16	75269176	75273742	0
chr16	75491620	75494121	0
chr16	81007296	81008693	0
chr16	83963197	83965983	0
chr16	84119616	84121793	0
chr16	84650207	84653029	0
chr16	85007445	85008661	0
chr16	85008660	85009270	0
chr16	85009269	85009758	0
chr16	85023362	85024876	0
chr16	85024875	85026259	0
chr16	85026258	85027546	0
chr16	85027545	85028652	0
chr16	85109590	85111851	0
chr16	86564754	86567054	0
chr16	88688211	88691830	0
chr16	88703703	88708624	1
chr16	88709095	88711549	1
chr16	88780631	88784184	0
chr16	88784183	88784818	0
chr16	88785660	88789061	0
chr16	88807104	88810567	1
chr16	88810566	88813252	0
chr16	88856958	88863403	4
chr16	88866896	88867721	0
chr16	88973139	88974702	0
chr16	88975329	88978036	0
chr16	89202698	89206738	0
chr16	89213357	89215320	0
chr16	89215364	89219054	0
chr16	89219053	89221865	0
chr16	89559068	89560668	0
chr16	89561157	89564916	1
chr16	89609964	89615361	0
chr16	89616110	89617377	0
chr16	89872200	89875807	3
chr16	89949480	89951580	0
chr17	39976648	39984242	0
chr17	1490888	1497078	0
chr17	1554585	1559836	0
chr17	3964058	3966705	0
chr17	4797007	4804785	0
chr17	4797007	4804785	0
chr17	4797007	4804785	0
chr17	7405188	7408377	0
chr17	7405188	7408377	0
chr17	7486967	7490612	0
chr17	7486967	7490612	0
chr17	8338704	8340423	0
chr17	16350994	16352864	0
chr17	16972735	16977657	0
chr17	21215886	21219357	0
chr17	34176992	34180266	0
chr17	38190235	38193525	0
chr17	39926202	39930120	0
chr17	39926202	39930120	0
chr17	40123640	40124492	0
chr17	40172056	40175546	0
chr17	41137394	41142168	0
chr17	41464896	41469345	0
chr17	42285188	42291884	0
chr17	42383964	42388729	0
chr17	42839713	42846452	0
chr17	43003225	43008333	0
chr17	43479074	43483594	0
chr17	47939580	47944823	0
chr17	48429665	48433294	0
chr17	48536079	48547484	0
chr17	54966387	54968381	0
chr17	61452881	61456410	0
chr17	73235884	73239597	0
chr17	74463875	74466991	0
chr17	75083111	75088208	0
chr17	78183966	78189315	0
chr17	78183966	78189315	0
chr17	79702155	79759062	0
chr17	79838991	79844338	0
chr17	80034256	80036301	0
chr17	80034256	80036301	0
chr17	80163952	80167048	0
chr17	80543368	80544908	0
chr17	1267302	1269404	0
chr17	1395709	1397717	0
chr17	1397716	1398704	0
chr17	1398703	1399965	0
chr17	1399964	1401700	0
chr17	1401699	1405997	0
chr17	1460238	1461706	0
chr17	1462827	1464949	0
chr17	1517101	1521390	0
chr17	1631200	1634774	0
chr17	1641787	1646041	0
chr17	2299260	2301390	0
chr17	2301830	2303498	0
chr17	2589278	2592179	0
chr17	2592512	2593540	0
chr17	2593539	2601635	0
chr17	3842759	3849333	0
chr17	4434915	4438772	0
chr17	4557593	4560496	0
chr17	4789175	4794930	2
chr17	4789175	4794930	2
chr17	4789175	4794930	2
chr17	4794929	4797008	1
chr17	4804784	4808345	1
chr17	4804784	4808345	1
chr17	4926138	4930146	0
chr17	4994371	4995368	0
chr17	4994371	4995368	0
chr17	5281256	5283838	0
chr17	5284782	5285338	0
chr17	7210494	7217702	0
chr17	7217701	7218345	0
chr17	7219002	7225278	4
chr17	7282917	7285216	3
chr17	7290884	7292720	0
chr17	7292719	7293609	0
chr17	7399325	7401574	0
chr17	7401811	7404466	1
chr17	7401811	7404466	1
chr17	7479620	7483623	1
chr17	7479620	7483623	1
chr17	7483622	7486741	0
chr17	7483622	7486741	0
chr17	8038794	8042690	1
chr17	8166710	8173567	0
chr17	8373742	8376151	0
chr17	8378199	8380488	0
chr17	8378199	8380488	0
chr17	9572920	9576515	0
chr17	9572920	9576515	0
chr17	15943326	15947187	0
chr17	16349149	16350995	0
chr17	17587376	17593971	0
chr17	18085779	18087913	0
chr17	18110991	18112916	0
chr17	18222382	18224880	0
chr17	18225870	18228344	0
chr17	18228587	18231222	0
chr17	34171316	34173568	0
chr17	37401845	37403942	0
chr17	37401845	37403942	0
chr17	37488723	37495120	0
chr17	38295483	38297919	1
chr17	38850633	38850796	0
chr17	38866895	38868705	0
chr17	39683243	39685736	0
chr17	39915794	39921507	0
chr17	39923369	39926203	0
chr17	39923369	39926203	0
chr17	39930119	39931464	0
chr17	39930119	39931464	0
chr17	40056165	40058449	0
chr17	40062784	40065322	0
chr17	40094320	40098789	4
chr17	40120434	40122123	0
chr17	40122393	40123641	0
chr17	40124491	40129169	1
chr17	40175545	40177431	0
chr17	40285528	40287472	0
chr17	40662027	40664565	0
chr17	40699980	40702567	2
chr17	40702684	40703903	2
chr17	40703902	40708793	0
chr17	40819531	40823272	3
chr17	40823271	40824943	0
chr17	40825375	40827379	0
chr17	40965222	40967298	0
chr17	40994980	40996163	0
chr17	40996616	40999507	0
chr17	40996616	40999507	0
chr17	41142591	41145260	0
chr17	41147376	41149731	0
chr17	41151867	41154887	0
chr17	41163941	41167102	0
chr17	41168376	41171150	0
chr17	41346197	41348219	2
chr17	41351026	41352409	0
chr17	41379008	41379670	2
chr17	41379669	41383067	4
chr17	41395966	41400914	2
chr17	41443703	41449071	0
chr17	41476762	41479097	1
chr17	41588220	41590434	0
chr17	42100778	42102221	0
chr17	42148896	42152733	0
chr17	42152732	42154761	0
chr17	42156422	42159052	0
chr17	42272556	42279273	0
chr17	42284216	42285189	0
chr17	42425007	42430463	0
chr17	42561815	42563263	6
chr17	42563262	42564731	2
chr17	42563262	42564731	2
chr17	42755682	42756663	0
chr17	44141074	44142709	0
chr17	44173300	44174979	0
chr17	44197696	44199128	0
chr17	45145532	45146795	0
chr17	45146794	45148820	1
chr17	48630371	48634585	0
chr17	48941866	48944337	0
chr17	54968638	54972940	0
chr17	57084423	57088022	0
chr17	58007241	58007440	0
chr17	58149255	58149370	0
chr17	58327436	58327822	0
chr17	58327821	58328010	0
chr17	58330192	58330308	0
chr17	58541285	58541390	0
chr17	58547001	58548542	0
chr17	59704274	59704445	0
chr17	59704444	59704611	0
chr17	73167825	73169063	0
chr17	73233144	73235885	2
chr17	73258642	73261712	0
chr17	73261711	73262698	0
chr17	73262697	73264301	0
chr17	73314163	73315323	0
chr17	74272318	74275776	0
chr17	75205943	75210195	1
chr17	75286073	75290649	0
chr17	75292013	75293419	0
chr17	76114267	76118593	0
chr17	76120073	76124611	0
chr17	78234290	78237259	0
chr17	78976114	78979704	0
chr17	79069273	79072731	0
chr17	79797629	79801462	0
chr17	79801461	79805432	0
chr17	79831872	79836951	6
chr17	80032271	80033783	0
chr17	80032271	80033783	0
chr17	80033782	80034257	0
chr17	80033782	80034257	0
chr17	80036300	80043762	1
chr17	80036300	80043762	1
chr17	80171499	80179272	0
chr17	80216427	80216869	0
chr17	80216868	80219453	0
chr17	80219674	80220686	0
chr17	80220685	80221611	0
chr17	80221610	80223635	2
chr17	81038029	81042134	0
chr18	12989414	12992557	0
chr18	3245767	3248629	0
chr18	3248628	3249070	0
chr18	3249069	3249230	0
chr18	3249229	3251155	0
chr18	3255824	3259725	0
chr18	3261318	3263334	0
chr18	8608249	8611119	0
chr18	9912845	9915428	0
chr19	50329905	50334683	0
chr19	1040891	1056737	0
chr19	2095219	2098876	0
chr19	38790266	38797675	0
chr19	39844899	39848074	0
chr19	911448	919988	0
chr19	911448	919988	0
chr19	1179154	1190304	0
chr19	1440037	1442091	0
chr19	2356015	2360860	0
chr19	4061870	4066845	0
chr19	6422449	6425750	0
chr19	15465290	15467282	0
chr19	39319423	39327121	0
chr19	294275	296026	0
chr19	490551	499386	0
chr19	539898	542388	0
chr19	572106	575093	0
chr19	587740	594191	0
chr19	671665	677403	0
chr19	751532	753975	0
chr19	799747	804095	1
chr19	815921	820351	0
chr19	975862	983905	0
chr19	1059215	1065925	2
chr19	1241406	1245510	0
chr19	1254653	1263475	1
chr19	1274077	1279254	1
chr19	1397248	1410180	3
chr19	1397248	1410180	3
chr19	1505007	1508634	0
chr19	1864756	1869794	0
chr19	1899661	1907418	0
chr19	2047782	2049190	0
chr19	2160229	2168125	0
chr19	2473916	2477659	0
chr19	2811443	2819209	0
chr19	2898074	2901978	0
chr19	3571503	3576361	0
chr19	3767713	3771578	0
chr19	3960388	3968551	0
chr19	3980732	3984733	0
chr19	5778139	5787608	0
chr19	6730144	6734734	0
chr19	6765311	6768693	0
chr19	7531681	7536909	0
chr19	7682440	7684417	0
chr19	7748081	7750428	0
chr19	7908661	7915711	0
chr19	7925642	7930668	0
chr19	8314697	8323140	0
chr19	8613361	8621088	0
chr19	10336536	10342093	0
chr19	10336536	10342093	0
chr19	10500560	10502828	0
chr19	11351216	11357617	0
chr19	11435399	11437685	0
chr19	12730219	12735412	0
chr19	12730219	12735412	0
chr19	12892843	12895059	0
chr19	14073446	14075048	0
chr19	14086801	14097595	0
chr19	14086801	14097595	0
chr19	14492600	14500340	0
chr19	14514386	14518780	0
chr19	14578702	14583530	0
chr19	16186920	16189925	0
chr19	17217530	17224065	0
chr19	17217530	17224065	0
chr19	18284178	18292934	0
chr19	18374330	18383589	0
chr19	18543809	18547349	0
chr19	18558523	18564588	0
chr19	19031194	19038241	0
chr19	19643362	19649717	0
chr19	34929609	34931368	0
chr19	35528644	35538589	0
chr19	35528644	35538589	0
chr19	35748248	35750909	0
chr19	35748248	35750909	0
chr19	36758858	36801339	0
chr19	38812841	38818117	0
chr19	38878236	38881994	0
chr19	39122128	39127166	0
chr19	39206536	39212835	0
chr19	39401437	39403917	0
chr19	39435316	39438197	0
chr19	39435316	39438197	0
chr19	41221537	41223305	0
chr19	42872552	42879961	0
chr19	45314789	45326801	0
chr19	45366113	45368630	0
chr19	45643771	45646418	0
chr19	45652799	45667547	0
chr19	45972778	45976865	0
chr19	47231787	47236676	0
chr19	47348983	47351764	0
chr19	47479459	47483661	0
chr19	47512145	47514296	0
chr19	47775196	47777234	0
chr19	48985683	48990753	0
chr19	48985683	48990753	0
chr19	49118823	49119718	0
chr19	49463185	49466923	0
chr19	49641754	49644929	0
chr19	49641754	49644929	0
chr19	49654394	49668613	0
chr19	50181298	50187686	0
chr19	50474896	50479959	0
chr19	50772319	50774788	0
chr19	51000440	51012573	0
chr19	53425762	53429216	0
chr19	55600757	55607358	0
chr19	55600757	55607358	0
chr19	55623200	55629349	0
chr19	56000504	56003747	0
chr19	56175779	56181734	0
chr19	56195345	56199804	0
chr19	56195345	56199804	0
chr19	56589450	56596092	0
chr19	290555	294276	0
chr19	410615	415116	0
chr19	508256	514028	0
chr19	542387	546199	0
chr19	546198	548206	0
chr19	630292	636315	0
chr19	677402	685826	0
chr19	753974	758258	0
chr19	788749	794163	0
chr19	796680	799748	0
chr19	859895	862774	0
chr19	895290	897227	0
chr19	922130	931515	0
chr19	986108	993597	0
chr19	1017629	1022757	0
chr19	1026502	1027889	0
chr19	1027888	1032184	0
chr19	1036371	1039606	0
chr19	1065924	1070701	0
chr19	1102548	1107683	0
chr19	1168087	1171413	0
chr19	1171412	1178503	0
chr19	1171412	1178503	0
chr19	1245509	1248295	0
chr19	1248708	1252479	0
chr19	1271462	1273113	0
chr19	1273112	1273491	0
chr19	1273490	1274078	0
chr19	1279253	1283470	0
chr19	1435442	1437912	0
chr19	1443078	1450966	0
chr19	1566534	1571382	0
chr19	1606805	1609546	0
chr19	1649214	1650468	0
chr19	1650906	1653577	0
chr19	1810023	1815374	0
chr19	1843307	1847626	0
chr19	1858039	1864757	0
chr19	1907417	1910275	0
chr19	1943542	1948024	0
chr19	2034787	2039592	0
chr19	2049892	2051650	1
chr19	2088258	2095220	0
chr19	2233309	2235552	0
chr19	2245824	2249766	2
chr19	2249765	2258757	5
chr19	2270158	2271707	0
chr19	2271706	2273268	1
chr19	2472951	2473917	0
chr19	2477658	2478282	0
chr19	2478281	2480099	0
chr19	3219845	3223700	0
chr19	3571394	3571504	0
chr19	3576360	3578338	2
chr19	3608357	3612827	0
chr19	3689955	3699447	0
chr19	3765535	3767714	0
chr19	3934886	3939915	1
chr19	3968550	3969496	0
chr19	3969495	3976374	0
chr19	3984732	3984867	0
chr19	3984866	3985615	0
chr19	4249496	4252017	0
chr19	4529825	4533900	0
chr19	4719808	4722441	1
chr19	4791888	4800309	2
chr19	5621929	5624793	0
chr19	5787607	5789806	2
chr19	5787607	5789806	2
chr19	5789805	5791124	1
chr19	5791123	5792751	0
chr19	5900276	5903146	0
chr19	5900276	5903146	0
chr19	6373600	6384212	4
chr19	6420272	6422450	1
chr19	6456677	6462558	0
chr19	6726303	6729938	0
chr19	6737063	6741404	1
chr19	7291596	7294478	0
chr19	7536908	7545452	3
chr19	7588688	7597248	0
chr19	7597760	7599226	0
chr19	7676934	7682143	1
chr19	7700870	7704738	0
chr19	7704737	7710129	0
chr19	7936702	7943634	1
chr19	8048055	8053715	0
chr19	8323139	8328180	2
chr19	8387399	8388131	0
chr19	8388669	8391991	0
chr19	8571388	8576973	0
chr19	9672790	9673306	0
chr19	10228246	10230322	0
chr19	10244929	10251843	0
chr19	10503070	10507738	0
chr19	10604405	10606570	0
chr19	10870600	10874636	0
chr19	10924100	10926161	1
chr19	10928634	10931966	0
chr19	11086401	11090266	0
chr19	11199470	11199558	0
chr19	11199557	11201112	1
chr19	11357616	11359089	1
chr19	11428656	11433424	1
chr19	11437684	11439343	1
chr19	11556360	11559414	0
chr19	11556360	11559414	0
chr19	11848536	11850102	1
chr19	11928075	11932171	0
chr19	12739976	12741619	0
chr19	12749008	12755106	1
chr19	12869148	12871416	2
chr19	12871415	12873009	0
chr19	12874300	12875889	0
chr19	12878442	12881558	1
chr19	12881557	12882363	0
chr19	12882362	12889530	1
chr19	12882362	12889530	1
chr19	12882362	12889530	1
chr19	13857227	13860390	0
chr19	13860990	13867416	0
chr19	13948423	13951011	0
chr19	13952255	13954870	0
chr19	14027398	14030441	0
chr19	14027398	14030441	0
chr19	14030440	14034842	3
chr19	14030440	14034842	3
chr19	14062802	14073447	0
chr19	14062802	14073447	0
chr19	14199532	14204304	0
chr19	14205571	14208073	0
chr19	14208918	14214168	0
chr19	14510085	14514387	0
chr19	14518985	14520869	0
chr19	14583529	14584838	0
chr19	14584837	14588521	0
chr19	15230233	15234508	2
chr19	15373583	15380159	0
chr19	15496394	15497124	0
chr19	15505640	15506842	0
chr19	15506841	15511930	0
chr19	16186777	16186921	0
chr19	16194818	16195461	0
chr19	16195460	16195906	0
chr19	16195905	16198486	0
chr19	16198485	16199332	0
chr19	16473177	16476315	0
chr19	16630295	16631497	0
chr19	17208666	17213822	1
chr19	17213821	17216943	2
chr19	17303902	17308476	0
chr19	17308475	17311896	0
chr19	17311895	17314634	0
chr19	17331566	17333470	3
chr19	17331566	17333470	3
chr19	17335400	17339023	4
chr19	17335400	17339023	4
chr19	17389868	17399052	0
chr19	17408506	17414609	0
chr19	17408506	17414609	0
chr19	17688938	17693032	0
chr19	17842472	17848586	0
chr19	17849628	17853098	0
chr19	18254180	18258800	2
chr19	18272388	18274975	0
chr19	18275395	18277788	0
chr19	18277787	18279847	0
chr19	18279846	18282648	0
chr19	18367645	18372068	0
chr19	18393157	18395448	0
chr19	18417619	18422520	0
chr19	18537967	18541085	3
chr19	18541084	18542716	3
chr19	18542715	18543810	0
chr19	18553530	18555181	0
chr19	18603051	18608078	0
chr19	18681234	18685103	0
chr19	18890965	18897572	0
chr19	19025866	19031195	2
chr19	19214126	19217976	0
chr19	19385721	19388018	0
chr19	19515994	19518351	2
chr19	19515994	19518351	2
chr19	19616340	19619259	0
chr19	19619365	19622781	0
chr19	19623044	19625978	1
chr19	19731457	19737472	0
chr19	19817034	19820908	0
chr19	21327965	21331257	0
chr19	33129661	33130704	1
chr19	34966143	34967955	0
chr19	35495670	35498606	0
chr19	35510092	35514102	2
chr19	35612953	35614450	1
chr19	35740198	35744705	3
chr19	35740198	35744705	3
chr19	35744704	35746301	1
chr19	35744704	35746301	1
chr19	35747509	35748249	0
chr19	35747509	35748249	0
chr19	35751276	35755379	4
chr19	35751276	35755379	4
chr19	35755753	35756761	0
chr19	35755753	35756761	0
chr19	35756760	35762288	1
chr19	35756760	35762288	1
chr19	35772214	35774091	0
chr19	35988733	35993723	0
chr19	36030220	36033660	0
chr19	36113068	36115524	1
chr19	36113068	36115524	1
chr19	36245740	36257150	0
chr19	36378291	36379296	0
chr19	36379295	36381908	0
chr19	36487237	36489045	0
chr19	36489044	36491307	0
chr19	36491492	36492249	0
chr19	36523002	36528007	0
chr19	36603216	36607427	0
chr19	38610799	38617023	1
chr19	38776345	38779523	0
chr19	38785339	38786361	0
chr19	38786360	38787307	0
chr19	38841185	38845468	1
chr19	38875362	38877106	0
chr19	38897433	38901369	2
chr19	39127165	39132573	0
chr19	39192508	39194500	0
chr19	39199343	39201470	1
chr19	39199343	39201470	1
chr19	39201469	39205353	0
chr19	39338114	39339907	0
chr19	39338114	39339907	0
chr19	39339906	39343312	0
chr19	39339906	39343312	0
chr19	39343311	39349103	0
chr19	39343311	39349103	0
chr19	39408913	39410414	0
chr19	39408913	39410414	0
chr19	39410854	39413156	0
chr19	39413155	39414550	1
chr19	39414549	39416796	2
chr19	39438196	39442038	0
chr19	39438196	39442038	0
chr19	39657307	39660864	0
chr19	39831608	39833436	0
chr19	39930976	39934037	0
chr19	39934036	39937655	0
chr19	39969440	39974480	1
chr19	40717422	40724560	3
chr19	41192480	41196878	0
chr19	41218949	41221538	0
chr19	41796564	41799065	0
chr19	41799101	41801245	0
chr19	41861828	41868531	0
chr19	42386356	42388877	0
chr19	42388876	42390710	0
chr19	42736445	42738415	0
chr19	42741051	42744676	0
chr19	42879960	42882297	0
chr19	43966992	43968751	1
chr19	43968750	43970256	0
chr19	44094728	44095292	0
chr19	44095676	44099696	0
chr19	44110785	44113846	0
chr19	45368629	45372911	3
chr19	45403695	45406062	0
chr19	45406061	45409144	4
chr19	45409143	45411372	3
chr19	45485728	45489552	2
chr19	45489646	45492883	0
chr19	45504668	45507925	0
chr19	45509242	45510606	0
chr19	45646417	45652800	0
chr19	45764568	45768647	0
chr19	45861286	45864715	0
chr19	45861286	45864715	0
chr19	45884636	45886869	2
chr19	45888128	45889498	0
chr19	45897367	45901643	0
chr19	45910899	45912063	0
chr19	45913047	45915822	2
chr19	45916304	45920730	0
chr19	45971518	45972350	0
chr19	45992003	45995110	0
chr19	46123642	46127902	2
chr19	46137384	46142069	0
chr19	47108647	47112389	0
chr19	47112388	47113969	0
chr19	47113968	47117842	0
chr19	47228292	47231788	0
chr19	47256093	47258806	0
chr19	47258805	47261718	1
chr19	47285082	47287914	0
chr19	47342043	47347905	0
chr19	47777265	47781861	1
chr19	47879195	47883904	1
chr19	47884458	47888695	1
chr19	47889121	47889422	0
chr19	47989116	47991279	0
chr19	47991278	47994583	0
chr19	47991278	47994583	0
chr19	47994582	47996496	0
chr19	47994582	47996496	0
chr19	47996495	48001351	0
chr19	48110925	48114202	0
chr19	48252808	48254650	0
chr19	48254649	48256996	0
chr19	48256995	48261767	0
chr19	48694434	48701016	0
chr19	48835678	48837931	1
chr19	48892226	48895820	1
chr19	48895819	48897584	1
chr19	48895819	48897584	1
chr19	48897583	48898954	0
chr19	48897583	48898954	0
chr19	48898953	48902962	0
chr19	48898953	48902962	0
chr19	48951667	48954525	0
chr19	48956428	48961753	3
chr19	48964073	48966115	0
chr19	48966652	48968282	1
chr19	48991299	48994885	3
chr19	48991299	48994885	3
chr19	49059551	49065679	2
chr19	49066712	49069485	0
chr19	49086762	49091848	0
chr19	49112311	49116239	0
chr19	49116238	49118225	1
chr19	49116238	49118225	1
chr19	49118224	49118824	3
chr19	49120066	49120879	0
chr19	49120878	49121625	0
chr19	49121624	49123430	0
chr19	49423671	49426107	0
chr19	49423671	49426107	0
chr19	49426106	49428342	0
chr19	49426106	49428342	0
chr19	49459812	49463186	2
chr19	49501401	49507408	0
chr19	49585552	49594265	5
chr19	49585552	49594265	5
chr19	49627815	49637457	1
chr19	49638753	49640285	0
chr19	49638753	49640285	0
chr19	49668612	49674134	1
chr19	49674133	49675332	0
chr19	49677109	49681672	2
chr19	50160666	50163546	0
chr19	50163723	50164818	0
chr19	50164817	50166375	0
chr19	50187685	50190267	0
chr19	50190266	50195923	0
chr19	50380863	50387366	1
chr19	50434369	50439851	3
chr19	50514381	50516664	0
chr19	50765435	50769153	0
chr19	50769152	50772320	3
chr19	50792963	50797345	2
chr19	50820342	50821892	1
chr19	50821891	50823077	0
chr19	50823551	50830094	5
chr19	50830322	50835355	0
chr19	50835354	50835876	0
chr19	50835875	50837007	0
chr19	50864109	50866496	0
chr19	52190670	52193629	0
chr19	52778776	52785397	0
chr19	52786292	52788941	0
chr19	53103709	53105359	0
chr19	53192833	53195372	0
chr19	53632331	53637357	1
chr19	53961173	53965133	1
chr19	54102885	54106740	0
chr19	54368801	54371708	0
chr19	54371707	54372241	0
chr19	54372240	54373775	0
chr19	54610519	54620113	0
chr19	54620112	54620543	0
chr19	54643159	54647788	0
chr19	55547937	55550478	0
chr19	55576397	55578714	2
chr19	55579121	55580813	0
chr19	55598768	55600457	0
chr19	55607684	55612708	0
chr19	55990499	55998306	0
chr19	55998305	56000505	0
chr19	56121409	56123757	0
chr19	56128599	56130200	0
chr19	56130199	56130734	0
chr19	56132365	56134086	0
chr19	56134085	56136258	0
chr19	56169343	56173143	0
chr19	56189563	56195346	5
chr19	56199803	56205272	0
chr19	56199803	56205272	0
chr19	56205271	56209075	0
chr19	56596091	56600691	0
chr19	56670683	56672051	0
chr19	56672709	56674541	0
chr19	58001228	58004572	2
chr19	58388133	58389662	2
chr19	58509988	58511547	0
chr20	3207299	3212093	0
chr20	3207299	3212093	0
chr20	3849193	3851833	0
chr20	31390604	31395080	0
chr20	32585607	32588677	0
chr20	35088905	35094553	0
chr20	49181454	49187383	0
chr20	57388570	57394196	0
chr20	57554009	57559828	0
chr20	62176118	62186343	0
chr20	62367269	62374860	0
chr20	62696599	62707634	0
chr20	461674	463376	0
chr20	3086654	3089551	0
chr20	3169056	3170622	0
chr20	3170621	3172587	0
chr20	3173985	3177905	0
chr20	3203470	3205700	0
chr20	3764352	3767824	0
chr20	3782583	3784159	0
chr20	3782583	3784159	0
chr20	3782583	3784159	0
chr20	3785164	3786588	0
chr20	3785164	3786588	0
chr20	3786587	3788502	0
chr20	3786587	3788502	0
chr20	3842902	3844236	0
chr20	3844235	3848173	0
chr20	6050657	6053648	0
chr20	33673631	33675998	0
chr20	35405912	35410616	0
chr20	44717182	44719143	0
chr20	45810357	45810609	0
chr20	46367064	46370203	1
chr20	47353629	47355732	0
chr20	47358313	47360730	0
chr20	52206981	52208693	0
chr20	52972954	52972978	0
chr20	52972977	52973120	0
chr20	57265900	57269368	0
chr20	57562934	57564091	5
chr20	62118140	62123627	0
chr20	62145939	62149016	0
chr20	62145939	62149016	0
chr20	62219826	62223177	0
chr20	62229242	62231276	0
chr20	62364205	62367270	0
chr20	62478927	62483801	0
chr21	30719152	30720077	0
chr21	38123275	38127174	0
chr21	44006549	44010704	0
chr21	44333294	44336502	0
chr21	45399552	45402185	0
chr21	45644710	45647013	0
chr21	46181314	46187892	0
chr21	30746939	30749176	1
chr21	42878130	42880776	1
chr21	42878130	42880776	1
chr21	43166341	43170009	0
chr21	43426708	43427680	0
chr21	43427679	43428789	0
chr21	43719500	43720900	0
chr21	44010752	44012206	0
chr21	44012829	44014264	0
chr21	44014263	44017458	0
chr21	44256263	44260535	0
chr21	44278247	44283584	0
chr21	45641259	45644711	0
chr22	42073118	42076633	0
chr22	17623769	17629895	0
chr22	17623769	17629895	0
chr22	19709838	19716988	0
chr22	19855651	19861968	0
chr22	19939197	19942296	0
chr22	20141210	20153431	0
chr22	24182107	24185647	0
chr22	36861686	36864624	0
chr22	38681561	38684274	0
chr22	41910027	41912243	0
chr22	41924934	41927858	0
chr22	42089532	42093536	0
chr22	42548756	42552925	0
chr22	45235211	45238310	0
chr22	46758259	46764172	0
chr22	50618708	50627386	0
chr22	50740938	50743311	0
chr22	18072406	18075262	0
chr22	19942295	19945064	0
chr22	20078394	20083114	0
chr22	20111630	20114902	4
chr22	20114901	20116420	2
chr22	20860998	20864955	0
chr22	21978187	21981154	0
chr22	21981153	21981621	0
chr22	21982540	21985186	0
chr22	23634946	23637782	0
chr22	23979117	23983797	0
chr22	24175693	24179512	2
chr22	24180118	24181893	0
chr22	24549523	24553088	0
chr22	24549523	24553088	0
chr22	30428078	30429953	0
chr22	30968841	30976626	0
chr22	30968841	30976626	0
chr22	31656632	31663820	0
chr22	36855756	36858355	0
chr22	36858354	36861687	0
chr22	37578020	37579821	0
chr22	37579820	37581827	1
chr22	37954701	37959199	0
chr22	38084010	38085588	0
chr22	38212453	38215502	1
chr22	38273520	38275809	0
chr22	39096060	39099507	0
chr22	41615593	41622960	1
chr22	41615593	41622960	1
chr22	41622959	41626174	0
chr22	41622959	41626174	0
chr22	41829627	41832194	0
chr22	41834177	41837578	0
chr22	41918557	41924935	0
chr22	41928534	41930347	0
chr22	41967584	41972077	0
chr22	42066434	42072223	2
chr22	42522526	42527499	0
chr22	43012950	43014824	0
chr22	43017613	43020543	0
chr22	43084989	43088643	0
chr22	43409429	43412317	0
chr22	45160592	45163142	0
chr22	45240815	45245226	0
chr22	46325987	46330065	1
chr22	46330064	46331894	1
chr22	46733869	46738079	0
chr22	46738078	46740519	0
chr22	50298914	50306037	0
chr22	50325912	50327864	0
chr22	50327863	50330388	0
chr22	50340239	50343826	0
chr22	50733916	50740939	2
chrX	48754977	48760364	0
chrX	48888916	48891580	0
chrX	48836789	48842310	0
chrX	48919108	48922956	0
chrX	55031506	55035692	0
chrX	100875267	100881346	0
chrX	153058332	153060960	0
chrX	153597086	153601593	0
chrX	153762469	153765956	0
chrX	14032033	14033190	0
chrX	20267800	20271583	0
chrX	47077389	47082169	0
chrX	48761089	48763202	0
chrX	48828694	48829944	0
chrX	48886550	48888213	0
chrX	49124374	49129420	0
chrX	53221574	53224175	0
chrX	53226870	53228508	0
chrX	102938444	102939267	0
chrX	119695204	119697671	0
chrX	135054792	135057371	0
chrX	149875844	149878418	0
chrX	150564521	150566445	0
chrX	152709487	152712790	0
chrX	152709487	152712790	0
chrX	152989616	152992626	5
chrX	153052705	153058222	6
chrX	153272878	153276482	0
chrX	153594151	153597087	2
chrX	153601592	153605061	0
chrX	153635483	153642145	0
chrX	153760867	153762470	0
chrY	13703669	13704527	0
