Chr	Start	End	Name	Score	Strand
chr1	62419	68419	OR4F5	0	+
chr1	364640	370640	KNOWN	0	+
chr1	2458702	2464702	HES5	0	-
chr1	2935031	2941031	ACTRT2	0	+
chr1	6301239	6307239	HES3	0	+
chr1	9083482	9089482	SLC2A7	0	-
chr1	10487159	10493159	CENPS-CORT	0	+
chr1	11818844	11824844	C1orf167	0	+
chr1	12701104	12707104	AADACL4	0	+
chr1	12773113	12779113	AADACL3	0	+
chr1	12830881	12836881	PRAMEF12	0	+
chr1	12848546	12854546	PRAMEF1	0	+
chr1	12888264	12894264	KNOWN	0	-
chr1	12905573	12911573	HNRNPCL1	0	-
chr1	12913941	12919941	PRAMEF2	0	+
chr1	12943025	12949025	PRAMEF4	0	-
chr1	12955101	12961101	PRAMEF10	0	-
chr1	12973430	12979430	PRAMEF7	0	+
chr1	13004406	13010406	PRAMEF6	0	-
chr1	13032543	13038543	KNOWN	0	+
chr1	13049998	13055998	PUTATIVE	0	-
chr1	13216581	13222581	PUTATIVE	0	-
chr1	13328692	13334692	KNOWN	0	-
chr1	13356819	13362819	KNOWN	0	+
chr1	13387765	13393765	KNOWN	0	-
chr1	13418176	13424176	KNOWN	0	+
chr1	13474522	13480522	KNOWN	0	-
chr1	13492254	13498254	KNOWN	0	+
chr1	13513066	13519066	KNOWN	0	+
chr1	13638973	13644973	KNOWN	0	+
chr1	13670511	13676511	PRAMEF14	0	-
chr1	13695405	13701405	PRAMEF19	0	-
chr1	13713092	13719092	PRAMEF17	0	+
chr1	13733907	13739907	PRAMEF20	0	+
chr1	15761938	15767938	CTRC	0	+
chr1	16065994	16071994	TMEM82	0	+
chr1	16760919	16766919	SPATA21	0	-
chr1	16862561	16868561	KNOWN	0	+
chr1	16996498	17002498	KNOWN	0	+
chr1	17057956	17063956	KNOWN	0	-
chr1	17528623	17534623	PADI1	0	+
chr1	17631690	17637690	PADI4	0	+
chr1	19244615	19250615	NOVEL	0	-
chr1	20247110	20253110	PLA2G2E	0	-
chr1	20462816	20468816	PLA2G2F	0	+
chr1	20510011	20516011	PLA2G2C	0	-
chr1	20614368	20620368	VWA5B1	0	+
chr1	22300515	22306515	CELA3B	0	+
chr1	22325150	22331150	CELA3A	0	+
chr1	23296359	23302359	LACTBL1	0	-
chr1	24236852	24242852	CNR2	0	-
chr1	26514052	26520052	CATSPER4	0	+
chr1	26734308	26740308	LIN28A	0	+
chr1	32927658	32933658	ENSG00000254553	0	+
chr1	34629484	34635484	C1orf94	0	+
chr1	40708619	40714619	TMCO2	0	+
chr1	42616081	42622081	GUCA2B	0	+
chr1	42627416	42633416	GUCA2A	0	-
chr1	44581493	44587493	KLF17	0	+
chr1	47014319	47020319	KNCN	0	-
chr1	47404156	47410156	CYP4A11	0	-
chr1	47600107	47606107	CYP4A22	0	+
chr1	48566306	48572306	KNOWN	0	+
chr1	51564893	51570893	C1orf185	0	+
chr1	53922072	53928072	DMRTB1	0	+
chr1	54662746	54668746	ENSG00000256407	0	-
chr1	55104459	55110459	MROH7-TTC4	0	+
chr1	57317441	57323441	C8A	0	+
chr1	57437056	57443056	C8B	0	-
chr1	64666306	64672306	UBE2U	0	+
chr1	67263959	67269959	INSL5	0	-
chr1	67694536	67700536	C1orf141	0	-
chr1	76395089	76401089	ASB17	0	-
chr1	86931051	86937051	CLCA1	0	+
chr1	90095699	90101699	ENSG00000271949	0	+
chr1	92411900	92417900	BRDT	0	+
chr1	102459482	102465482	OLFM3	0	-
chr1	104157049	104163049	AMY2A	0	+
chr1	104195382	104201382	AMY1A	0	+
chr1	104236076	104242076	AMY1B	0	-
chr1	104284945	104290945	AMY1C	0	+
chr1	109252530	109258530	FNDC7	0	+
chr1	109846633	109852633	MYBPHL	0	-
chr1	111058797	111064797	KCNA10	0	-
chr1	111171096	111177096	KCNA2	0	-
chr1	111830473	111836473	CHIA	0	+
chr1	115569447	115575447	TSHB	0	+
chr1	116383538	116389538	NHLH2	0	-
chr1	120046821	120052821	HSD3B1	0	+
chr1	120351203	120357203	REG4	0	-
chr1	120436138	120442138	ADAM30	0	-
chr1	147952419	147958419	KNOWN	0	-
chr1	148199536	148205536	KNOWN	0	-
chr1	149550003	149556003	KNOWN	0	+
chr1	149809780	149815780	H3C14	0	-
chr1	149821170	149827170	H3C15	0	+
chr1	152058540	152064540	TCHHL1	0	-
chr1	152193669	152199669	HRNR	0	-
chr1	152329482	152335482	FLG2	0	-
chr1	152383739	152389739	CRNN	0	-
chr1	152480279	152486279	LCE5A	0	+
chr1	152483958	152489958	CRCT1	0	+
chr1	152536256	152542256	LCE3E	0	-
chr1	152569710	152575710	LCE3C	0	+
chr1	152583287	152589287	LCE3B	0	+
chr1	152592579	152598579	LCE3A	0	-
chr1	152632856	152638856	LCE2D	0	+
chr1	152644755	152650755	LCE2C	0	+
chr1	152655599	152661599	LCE2B	0	+
chr1	152667821	152673821	LCE2A	0	+
chr1	152677636	152683636	LCE4A	0	+
chr1	152688998	152694998	C1orf68	0	+
chr1	152727501	152733501	KPRP	0	+
chr1	152744616	152750616	LCE1F	0	+
chr1	152755690	152761690	LCE1E	0	+
chr1	152766197	152772197	LCE1D	0	+
chr1	152781447	152787447	LCE1B	0	+
chr1	152796949	152802949	LCE1A	0	+
chr1	152812332	152818332	LCE6A	0	+
chr1	152847798	152853798	SMCP	0	+
chr1	152940124	152946124	SPRR4	0	+
chr1	153041087	153047087	SPRR2B	0	-
chr1	153172906	153178906	LELP1	0	+
chr1	153187060	153193060	PRR9	0	+
chr1	153385996	153391996	S100A7A	0	+
chr1	154290566	154296566	AQP10	0	+
chr1	155033224	155039224	ENSG00000251246	0	+
chr1	155156748	155162748	ENSG00000273088	0	-
chr1	155268229	155274229	PKLR	0	-
chr1	156266098	156272098	VHLL	0	-
chr1	156546515	156552515	TTC24	0	+
chr1	157564875	157570875	FCRL4	0	-
chr1	157786910	157792910	FCRL1	0	-
chr1	157865046	157871046	CD5L	0	-
chr1	158366256	158372256	OR10T2	0	-
chr1	158393027	158399027	OR10K2	0	-
chr1	158428364	158434364	OR10K1	0	+
chr1	158439010	158445010	OR10R2	0	+
chr1	158521195	158527195	OR6Y1	0	-
chr1	158537370	158543370	OR6P1	0	-
chr1	158653505	158659505	SPTA1	0	-
chr1	158667442	158673442	OR6K2	0	-
chr1	158687510	158693510	OR6K3	0	-
chr1	158738985	158744985	OR6N1	0	-
chr1	158747994	158753994	OR6N2	0	-
chr1	159281449	159287449	OR10J3	0	-
chr1	159398994	159404994	OR10J4	0	+
chr1	159404635	159410635	OR10J1	0	+
chr1	159502797	159508797	OR10J5	0	-
chr1	159554616	159560616	APCS	0	+
chr1	159681379	159687379	CRP	0	-
chr1	159839843	159845843	ENSG00000256029	0	-
chr1	160251920	160257920	ENSG00000258465	0	-
chr1	160921599	160927599	ITLN2	0	-
chr1	162835551	162841551	CCDC190	0	-
chr1	165510237	165516237	LRRC52	0	+
chr1	170901667	170907667	MROH9	0	+
chr1	175709752	175715752	TNR	0	-
chr1	177950438	177956438	SEC16B	0	-
chr1	178479244	178485244	TEX35	0	+
chr1	181283826	181289826	CACNA1E	0	+
chr1	182375327	182381327	RGSL1	0	+
chr1	182919660	182925660	SHCBP1L	0	-
chr1	192283122	192289122	RGS21	0	+
chr1	196909868	196915868	CFHR2	0	+
chr1	196941140	196947140	CFHR5	0	+
chr1	197033390	197039390	F13B	0	-
chr1	201078579	201084579	CACNA1S	0	-
chr1	203052140	203058140	MYOG	0	-
chr1	203460281	203466281	OPTC	0	+
chr1	207140970	207146970	FCAMR	0	-
chr1	210071268	210077268	SYT14	0	+
chr1	211304507	211310507	KCNH1	0	-
chr1	211662504	211668504	RD3	0	-
chr1	212794816	212800816	GARIN4	0	+
chr1	216593790	216599790	USH2A	0	-
chr1	226108978	226114978	ENSG00000255835	0	-
chr1	228000376	228006376	PRSS38	0	+
chr1	237164741	237170741	MT1HL1	0	-
chr1	238051222	238057222	ZP4	0	-
chr1	241812580	241818580	WDR64	0	+
chr1	247618407	247624407	OR2B11	0	-
chr1	247748662	247754662	OR2G2	0	+
chr1	247765888	247771888	OR2G3	0	+
chr1	247777445	247783445	OR14L1P	0	+
chr1	247840041	247846041	OR13G1	0	-
chr1	247884066	247890066	ENSG00000239395	0	-
chr1	247898917	247904917	OR14K1	0	+
chr1	247920858	247926858	OR1C1	0	-
chr1	247930471	247936471	OR9H1P	0	+
chr1	247984421	247990421	OR14A16	0	-
chr1	248002198	248008198	OR11L1	0	-
chr1	248085191	248091191	OR2AJ1	0	+
chr1	248125535	248131535	OR2AK2	0	+
chr1	248173962	248179962	OR2L5	0	+
chr1	248190372	248196372	OR2L2	0	+
chr1	248207138	248213138	OR2L3	0	+
chr1	248305450	248311450	OR2M5	0	+
chr1	248335123	248341123	OR2M2	0	+
chr1	248357567	248363567	OR2M3	0	+
chr1	248391719	248397719	OR2M4	0	+
chr1	248438278	248444278	OR2T33	0	-
chr1	248463726	248469726	OR2T12	0	-
chr1	248484870	248490870	OR2M7	0	-
chr1	248509077	248515077	OR14C36	0	+
chr1	248521883	248527883	KNOWN	0	+
chr1	248536047	248542047	OR2T6	0	+
chr1	248563349	248569349	OR2T1	0	+
chr1	248596660	248602660	OR2T7	0	+
chr1	248605813	248611813	OR2T2	0	+
chr1	248633652	248639652	OR2T3	0	+
chr1	248648890	248654890	OR2T5	0	+
chr1	248668374	248674374	OR2G6	0	+
chr1	248723073	248729073	OR2T29	0	-
chr1	248735058	248741058	OR2T34	0	-
chr1	248758001	248764001	OR2T10	0	-
chr1	248805579	248811579	OR2T35	0	-
chr1	248811185	248817185	KNOWN	0	-
chr10	5403929	5409929	UCN3	0	+
chr10	17791200	17797200	TMEM236	0	+
chr10	22503944	22509944	EBLN1	0	-
chr10	22602317	22608317	COMMD3-BMI1	0	+
chr10	23478241	23484241	PTF1A	0	+
chr10	23630774	23636774	C10orf67	0	-
chr10	26502594	26508594	GAD2	0	+
chr10	29574990	29580990	LYZL1	0	+
chr10	45808056	45814056	OR13A1	0	-
chr10	47178681	47184681	KNOWN	0	-
chr10	47743962	47749962	NOVEL	0	+
chr10	48052018	48058018	KNOWN	0	-
chr10	48186612	48192612	KNOWN	0	+
chr10	48244669	48250669	KNOWN	0	+
chr10	50339066	50345066	FAM170B	0	-
chr10	50504215	50510215	C10orf71	0	+
chr10	50601135	50607135	DRGX	0	-
chr10	50814141	50820141	CHAT	0	+
chr10	50884697	50890697	C10orf53	0	+
chr10	51184938	51190938	KNOWN	0	+
chr10	52642435	52648435	A1CF	0	-
chr10	54529544	54535544	MBL2	0	-
chr10	57384702	57390702	PCDH15	0	-
chr10	69520395	69526395	CTNNA3	0	-
chr10	69844654	69850654	MYPN	0	+
chr10	72542157	72548157	TBATA	0	-
chr10	74650342	74656342	OIT3	0	+
chr10	74711564	74717564	PLA2G12B	0	-
chr10	76830400	76836400	DUSP29	0	-
chr10	81583495	81589495	NUTM2E	0	+
chr10	82294658	82300658	SH2D4B	0	+
chr10	85982300	85988300	LRIT2	0	-
chr10	90343510	90349510	LIPJ	0	+
chr10	90421198	90427198	LIPF	0	+
chr10	90516739	90522739	LIPN	0	+
chr10	94817555	94823555	CYP26C1	0	+
chr10	95514597	95520597	LGI1	0	+
chr10	96695415	96701415	CYP2C9	0	+
chr10	96950957	96956957	ACSM6	0	+
chr10	97664360	97670360	CC2D2B	0	+
chr10	98061166	98067166	DNTT	0	+
chr10	98116122	98122122	OPALIN	0	-
chr10	98942716	98948716	SLIT1	0	-
chr10	99341131	99347131	ENSG00000249967	0	+
chr10	101838626	101844626	CPN1	0	-
chr10	102492153	102498153	PAX2	0	+
chr10	103998269	104004269	PITX3	0	-
chr10	104611029	104617029	BORCS7-ASMT	0	+
chr10	105215657	105221657	CALHM1	0	-
chr10	105235997	105241997	CALHM3	0	-
chr10	114040158	114046158	TECTB	0	+
chr10	115420829	115426829	NRAP	0	-
chr10	118080960	118086960	CCDC172	0	+
chr10	118184359	118190359	PNLIPRP3	0	+
chr10	118302443	118308443	PNLIP	0	+
chr10	118346897	118352897	PNLIPRP1	0	+
chr10	118954000	118960000	KCNK18	0	+
chr10	120352160	120358160	PRLHR	0	-
chr10	124211169	124217169	ARMS2	0	+
chr10	124456362	124462362	C10orf120	0	-
chr10	124667126	124673126	FAM24A	0	+
chr10	125422871	125428871	GPR26	0	+
chr10	127368732	127374732	TEX36	0	-
chr10	129344573	129350573	NPS	0	+
chr10	133106984	133112984	TCERG1L	0	-
chr10	134898428	134904428	ADGRA1	0	+
chr10	135040721	135046721	UTF1	0	+
chr10	135437299	135443299	FRG2B	0	-
chr11	1616524	1622524	KRTAP5-2	0	-
chr11	1640368	1646368	KRTAP5-4	0	-
chr11	1648005	1654005	KRTAP5-5	0	+
chr11	2179451	2185451	INS	0	-
chr11	2462744	2468744	TRPM5	0	-
chr11	3237043	3243043	MRGPRG	0	-
chr11	3663358	3669358	ART1	0	+
chr11	4386616	4392616	OR52B4	0	-
chr11	4467525	4473525	OR52K2	0	+
chr11	4500876	4506876	OR52K1	0	+
chr11	4563421	4569421	OR52M1	0	+
chr11	4599973	4605973	OR52I2	0	+
chr11	4611980	4617980	OR52I1	0	+
chr11	4655707	4661707	OR51D1	0	+
chr11	4723014	4729014	MMP26	0	+
chr11	5013081	5019081	OR51L1	0	+
chr11	5064756	5070756	OR52J3	0	+
chr11	5077857	5083857	OR52E2	0	-
chr11	5087802	5093802	OR52E1	0	+
chr11	5156586	5162586	OR52A5	0	-
chr11	5172987	5178987	OR52A1	0	-
chr11	5218912	5224912	OR51V1	0	-
chr11	5261887	5267887	HBD	0	-
chr11	5779383	5785383	OR56B2P	0	+
chr11	5801585	5807585	OR52N5	0	-
chr11	5809495	5815495	OR52N1	0	-
chr11	5827154	5833154	OR52N2	0	+
chr11	5860182	5866182	OR52E6	0	-
chr11	5875920	5881920	OR52E8	0	-
chr11	5898859	5904859	OR52E4	0	+
chr11	6005215	6011215	OR52L1	0	-
chr11	6025176	6031176	OR56A4	0	-
chr11	6052568	6058568	OR56A1	0	-
chr11	6188556	6194556	OR52B2	0	-
chr11	6217454	6223454	OR52W1	0	+
chr11	6790207	6796207	OR2AG2	0	-
chr11	6817920	6823920	OR6A2	0	-
chr11	6863914	6869914	OR10A5	0	+
chr11	6881288	6887288	OR10A2	0	+
chr11	6894856	6900856	OR10A4	0	+
chr11	6910731	6916731	OR2D2	0	-
chr11	6939233	6945233	OR2D3	0	+
chr11	7038710	7044710	NLRP14	0	+
chr11	7107229	7113229	RBMXL2	0	+
chr11	7815489	7821489	OR5P2	0	-
chr11	7849387	7855387	OR5P3	0	-
chr11	7960255	7966255	OR10A3	0	-
chr11	7983994	7989994	NLRP10	0	-
chr11	13514728	13520728	PTH	0	-
chr11	17565806	17571806	OTOG	0	+
chr11	17738118	17744118	MYOD1	0	+
chr11	18191384	18197384	MRGPRX4	0	+
chr11	18957961	18963961	MRGPRX1	0	-
chr11	19229118	19235118	CSRP3	0	-
chr11	20618140	20624140	SLC6A5	0	+
chr11	22356927	22362927	SLC17A6	0	+
chr11	22879020	22885020	CCDC179	0	-
chr11	26741974	26747974	SLC5A12	0	-
chr11	30035577	30041577	KCNA4	0	-
chr11	30249561	30255561	FSHB	0	+
chr11	44066531	44072531	ACCSL	0	+
chr11	46737746	46743746	F2	0	+
chr11	47371253	47377253	MYBPC3	0	-
chr11	48235362	48241362	OR4B1	0	+
chr11	48263656	48269656	OR4X2	0	+
chr11	48282413	48288413	OR4X1	0	+
chr11	48324775	48330775	OR4S1	0	+
chr11	48343472	48349472	OR4C3	0	+
chr11	48385017	48391017	OR4C5	0	-
chr11	48507345	48513345	OR4A47	0	+
chr11	49002437	49008437	TRIM51G	0	-
chr11	49046053	49052053	TRIM49B	0	+
chr11	49077664	49083664	TRIM64C	0	-
chr11	49970943	49976943	OR4C13	0	+
chr11	50001071	50007071	OR4C12	0	-
chr11	51409448	51415448	OR4A5	0	-
chr11	51433403	51439403	OR4A8	0	-
chr11	51512282	51518282	OR4C46	0	+
chr11	55026631	55032631	TRIM48	0	+
chr11	55107677	55113677	OR4A16	0	+
chr11	55132450	55138450	OR4A15	0	+
chr11	55318783	55324783	OR4C15	0	+
chr11	55372121	55378121	OR4C11	0	-
chr11	55399589	55405589	OR4P4	0	+
chr11	55412803	55418803	OR4S2	0	+
chr11	55426677	55432677	OR4C6	0	+
chr11	55488252	55494252	OR5D3P	0	+
chr11	55560032	55566032	OR5D14	0	+
chr11	55584106	55590106	OR5D18	0	+
chr11	55591695	55597695	OR5L2	0	+
chr11	55603228	55609228	OR5D16	0	+
chr11	55679058	55685058	OR5W2	0	-
chr11	55700876	55706876	OR5I1	0	-
chr11	55734421	55740421	OR10AG1	0	-
chr11	55759101	55765101	OR5F1	0	-
chr11	55792130	55798130	OR5AS1	0	+
chr11	55857784	55863784	OR8I2	0	+
chr11	55868163	55874163	OR8H2	0	+
chr11	55886849	55892849	OR8H3	0	+
chr11	55904677	55910677	OR8J3	0	-
chr11	55924793	55930793	OR8K5	0	-
chr11	55941094	55947094	OR5J2	0	+
chr11	55979698	55985698	OR8J2	0	-
chr11	55998731	56004731	OR5T2	0	-
chr11	56016676	56022676	KNOWN	0	+
chr11	56038630	56044630	OR5T1	0	+
chr11	56056730	56062730	OR8H1	0	-
chr11	56110515	56116515	OR8K1	0	+
chr11	56124691	56130691	KNOWN	0	+
chr11	56140100	56146100	OR8U1	0	+
chr11	56177172	56183172	OR5AL1	0	+
chr11	56255846	56261846	OR5M8	0	-
chr11	56307733	56313733	OR5M11	0	-
chr11	56342263	56348263	KNOWN	0	-
chr11	56379350	56385350	OR5M1	0	-
chr11	56406915	56412915	OR5AP2	0	-
chr11	56428162	56434162	OR5AR1	0	+
chr11	56463571	56469571	OR9G1	0	+
chr11	56513173	56519173	OR9G4	0	-
chr11	56735525	56741525	OR5AK3P	0	+
chr11	56753389	56759389	OR5AK2	0	+
chr11	57102826	57108826	P2RX3	0	+
chr11	57145623	57151623	PRG3	0	-
chr11	57788353	57794353	OR9Q1	0	+
chr11	57953542	57959542	OR9Q2	0	+
chr11	57968614	57974614	OR1S2	0	-
chr11	57993390	57999390	OR10Q1	0	-
chr11	58032732	58038732	OR10W1	0	-
chr11	58123542	58129542	OR5B17	0	-
chr11	58171347	58177347	OR5B3	0	-
chr11	58192594	58198594	OR5B2	0	-
chr11	58206709	58212709	OR5B12	0	-
chr11	58272578	58278578	OR5B21	0	-
chr11	58343645	58349645	ZFP91-CNTF	0	+
chr11	59123368	59129368	OR5AN1	0	+
chr11	59190886	59196886	OR5A2	0	-
chr11	59200942	59206942	OR5A1	0	+
chr11	59221434	59227434	OR4D6	0	+
chr11	59237788	59243788	OR4D10	0	+
chr11	59268049	59274049	OR4D11	0	+
chr11	59275841	59281841	OR4D9	0	+
chr11	59609972	59615972	CBLIF	0	-
chr11	59742493	59748493	OOSP4B	0	+
chr11	59804882	59810882	OOSP2	0	+
chr11	59821060	59827060	MS4A3	0	+
chr11	60091728	60097728	MS4A6E	0	+
chr11	60194045	60200045	MS4A5	0	+
chr11	60257251	60263251	MS4A12	0	+
chr11	60279865	60285865	MS4A13	0	+
chr11	60464058	60470058	MS4A8	0	+
chr11	60493777	60499777	MS4A18	0	+
chr11	60549806	60555806	MS4A10	0	+
chr11	60967779	60973779	PGA3	0	+
chr11	60986819	60992819	PGA4	0	+
chr11	61005647	61011647	PGA5	0	+
chr11	61954688	61960688	SCGB1D1	0	+
chr11	62063547	62069547	SCGB1D4	0	-
chr11	62429650	62435650	ENSG00000255432	0	-
chr11	62749439	62755439	SLC22A6	0	-
chr11	62780313	62786313	SLC22A8	0	-
chr11	62908693	62914693	SLC22A24	0	-
chr11	63008071	63014071	SLC22A25	0	-
chr11	63032494	63038494	SLC22A10	0	+
chr11	63134257	63140257	SLC22A9	0	+
chr11	64055774	64061774	KCNK4	0	+
chr11	64064830	64070830	CATSPERZ	0	+
chr11	64355113	64361113	SLC22A12	0	+
chr11	64736580	64742580	MAJIN	0	-
chr11	64778654	64784654	ARL2-SNX15	0	+
chr11	66381097	66387097	RBM14-RBM4	0	+
chr11	67288988	67294988	CABP2	0	-
chr11	68745455	68751455	MRGPRD	0	-
chr11	69587109	69593109	FGF4	0	-
chr11	69631184	69637184	FGF3	0	-
chr11	71311399	71317399	KRTAP5-11	0	-
chr11	74804921	74810921	OR2AT4	0	-
chr11	76742442	76748442	B3GNT6	0	+
chr11	77009732	77015732	GDPD4	0	-
chr11	77787911	77793911	NDUFC2-KCTD14	0	-
chr11	85563144	85569144	CCDC83	0	+
chr11	88796150	88802150	GRM5	0	-
chr11	89440467	89446467	TRIM77	0	+
chr11	89538743	89544743	TRIM49	0	-
chr11	89608655	89614655	TRIM64B	0	-
chr11	89651935	89657935	KNOWN	0	-
chr11	89654232	89660232	TRIM49D2	0	+
chr11	89696205	89702205	TRIM64	0	+
chr11	89761274	89767274	TRIM49C	0	+
chr11	89816118	89822118	UBTFL1	0	+
chr11	92699817	92705817	MTNR1B	0	+
chr11	94242627	94248627	C11orf97	0	+
chr11	94779586	94785586	KDM4F	0	+
chr11	105399424	105405424	CARD18	0	-
chr11	107458817	107464817	ELMOD1	0	+
chr11	109289916	109295916	C11orf87	0	+
chr11	111382092	111388092	BTG4	0	-
chr11	111747149	111753149	ENSG00000258529	0	-
chr11	113647518	113653518	CLDN25	0	+
chr11	114268404	114274404	ENSG00000255663	0	+
chr11	114427603	114433603	NXPE1	0	-
chr11	116660136	116666136	APOA5	0	-
chr11	116691020	116697020	APOA4	0	-
chr11	116697422	116703422	APOC3	0	+
chr11	117744382	117750382	FXYD6-FXYD2	0	-
chr11	117956014	117962014	SMIM35	0	-
chr11	118839422	118845422	FOXR1	0	+
chr11	119053166	119059166	PDZD3	0	+
chr11	119214415	119220415	MFRP	0	-
chr11	121983923	121989923	BLID	0	-
chr11	122849542	122855542	BSX	0	-
chr11	123622226	123628226	OR6X1	0	-
chr11	123674057	123680057	OR6M1	0	-
chr11	123753377	123759377	TMEM225	0	-
chr11	123769874	123775874	OR8D4	0	+
chr11	123807324	123813324	OR4D5	0	+
chr11	123811545	123817545	OR6T1	0	-
chr11	123845488	123851488	OR10S1	0	-
chr11	123862868	123868868	OR10G6	0	-
chr11	123880704	123886704	OR10G4	0	+
chr11	123890720	123896720	OR10G9	0	+
chr11	123894505	123900505	OR10G8	0	+
chr11	123909032	123915032	OR10G7	0	-
chr11	124051052	124057052	OR10D3	0	+
chr11	124079414	124085414	OR8G3P	0	+
chr11	124092437	124098437	OR8G2P	0	+
chr11	124108835	124114835	OR8G1	0	+
chr11	124123272	124129272	OR8G5	0	+
chr11	124181995	124187995	OR8D1	0	-
chr11	124312592	124318592	OR8B8	0	-
chr11	124412229	124418229	OR8B12	0	-
chr11	124433556	124439556	OR8A1	0	+
chr11	125613174	125619174	PATE1	0	+
chr11	125655022	125661022	PATE3	0	+
chr11	125700211	125706211	PATE4	0	+
chr11	125770243	125776243	DDX25	0	+
chr11	133712433	133718433	SPATA19	0	-
chr12	144052	150052	NOVEL	0	+
chr12	369039	375039	SLC6A13	0	-
chr12	4551981	4557981	FGF6	0	-
chr12	4826566	4832566	GALNT8	0	+
chr12	7815504	7821504	APOBEC1	0	-
chr12	7861029	7867029	DPPA3	0	+
chr12	7901201	7907201	CLEC4C	0	-
chr12	7937390	7943390	NANOG	0	+
chr12	8605558	8611558	CLEC6A	0	+
chr12	8659071	8665071	CLEC4D	0	+
chr12	8762838	8768838	AICDA	0	-
chr12	10081969	10087969	CLEC2A	0	-
chr12	10160226	10166226	CLEC12B	0	+
chr12	10585600	10591600	ENSG00000255641	0	-
chr12	10952226	10958226	TAS2R7	0	-
chr12	10956885	10962885	TAS2R8	0	-
chr12	10959767	10965767	TAS2R9	0	-
chr12	11321207	11327207	PRH1	0	-
chr12	11336543	11342543	TAS2R42	0	-
chr12	14131936	14137936	GRIN2B	0	-
chr12	15122976	15128976	PDE6H	0	+
chr12	16427619	16433619	SLC15A5	0	-
chr12	20965608	20971608	SLCO1B3-SLCO1B7	0	+
chr12	21281128	21287128	SLCO1B1	0	+
chr12	25798513	25804513	LMNTD1	0	-
chr12	29647619	29653619	OVCH1	0	-
chr12	33589754	33595754	SYT10	0	-
chr12	48719763	48725763	H1-7	0	+
chr12	48863342	48869342	ANP32D	0	+
chr12	48950665	48956665	OR5BS1P	0	+
chr12	49118218	49124218	TEX49	0	+
chr12	51737463	51743463	CELA1	0	-
chr12	52758265	52764265	KRT85	0	-
chr12	52776436	52782436	KRT84	0	-
chr12	52797119	52803119	KRT82	0	-
chr12	52964627	52970627	KRT74	0	-
chr12	52992322	52998322	KRT72	0	-
chr12	53009343	53015343	KRT73	0	-
chr12	53042995	53048995	KRT2	0	-
chr12	53094308	53100308	KRT77	0	-
chr12	53168129	53174129	KRT76	0	-
chr12	53186901	53192901	KRT3	0	-
chr12	53204900	53210900	KRT4	0	-
chr12	53814639	53820639	AMHR2	0	+
chr12	54376629	54382629	ENSG00000273049	0	+
chr12	55025679	55031679	LACRT	0	-
chr12	55410758	55416758	NEUROD4	0	+
chr12	55517190	55523190	OR9K2	0	+
chr12	55611809	55617809	OR10A7	0	+
chr12	55637982	55643982	KNOWN	0	+
chr12	55687353	55693353	OR6C6	0	-
chr12	55705127	55711127	OR6C1	0	+
chr12	55720827	55726827	OR6C3	0	+
chr12	55753759	55759759	OR6C75	0	+
chr12	55791313	55797313	OR6C65	0	+
chr12	55817038	55823038	OR6C76	0	+
chr12	55834853	55840853	OR6C2	0	+
chr12	55860922	55866922	OR6C70	0	-
chr12	55883162	55889162	OR6C68	0	+
chr12	55940386	55946386	OR6C4	0	+
chr12	55963252	55969252	OR2AP1	0	+
chr12	56027676	56033676	OR10P1	0	+
chr12	66560765	66566765	ENSG00000228144	0	-
chr12	68616590	68622590	IL26	0	-
chr12	68644384	68650384	IL22	0	-
chr12	70001687	70007687	LRRC10	0	-
chr12	72064984	72070984	ENSG00000258064	0	+
chr12	80490317	80496317	OTOGL	0	+
chr12	81098413	81104413	MYF6	0	+
chr12	81107691	81113691	MYF5	0	+
chr12	85427055	85433055	TSPAN19	0	-
chr12	87229681	87235681	MGAT4C	0	-
chr12	91345953	91351953	CCER1	0	-
chr12	100747852	100753852	SLC17A8	0	+
chr12	101866114	101872114	SPIC	0	+
chr12	103886756	103892756	C12orf42	0	-
chr12	106973782	106979782	RFX4	0	+
chr12	108165481	108171481	ASCL4	0	+
chr12	109249708	109255708	DAO	0	+
chr12	109455873	109461873	SVOP	0	-
chr12	111281573	111287573	CCDC63	0	+
chr12	111356247	111362247	MYL2	0	-
chr12	111468969	111474969	CUX2	0	+
chr12	113005184	113011184	RPH3A	0	+
chr12	113907085	113913085	LHX5	0	-
chr12	119416346	119422346	SRRM4	0	+
chr12	119769517	119775517	CCDC60	0	+
chr12	122747970	122753970	ENSG00000256861	0	-
chr12	130385570	130391570	TMEM132D	0	-
chr12	130819432	130825432	PIWIL1	0	+
chr12	133704570	133710570	ENSG00000256825	0	+
chr12	133809463	133815463	ANHX	0	-
chr13	20132765	20138765	TPTE2	0	-
chr13	24550839	24556839	ENSG00000273167	0	+
chr13	25335307	25341307	RNF17	0	+
chr13	25743426	25749426	AMER2	0	-
chr13	28363620	28369620	GSX1	0	+
chr13	28491137	28497137	PDX1	0	+
chr13	28559830	28565830	URAD	0	-
chr13	31503793	31509793	TEX26	0	+
chr13	32310663	32316663	RXFP2	0	+
chr13	36868979	36874979	CCDC169-SOHLH2	0	-
chr13	37676801	37682801	CSNK1A1L	0	-
chr13	39561996	39567996	STOML3	0	-
chr13	43352686	43358686	FAM216B	0	+
chr13	51771388	51777388	C13orf42	0	-
chr13	52433105	52439105	CCDC70	0	+
chr13	57712052	57718052	PRR20C	0	+
chr13	57731766	57737766	PRR20D	0	+
chr13	57738331	57744331	PRR20E	0	+
chr13	64317874	64323874	ENSG00000237378	0	+
chr13	77519646	77525646	ACOD1	0	+
chr13	95361799	95367799	SOX21	0	-
chr13	96739361	96745361	HS6ST3	0	+
chr13	103344394	103350394	METTL21C	0	-
chr13	103408422	103414422	CCDC168	0	-
chr13	103448460	103454460	BIVM-ERCC5	0	+
chr13	103715767	103721767	SLC10A2	0	-
chr13	106115216	106121216	DAOA	0	+
chr13	112718463	112724463	SOX1	0	+
chr13	113027669	113033669	SPACA7	0	+
chr13	114309513	114315513	ATP4B	0	-
chr14	19374594	19380594	OR11H12	0	+
chr14	19550365	19556365	POTEM	0	+
chr14	20017272	20023272	POTEG	0	-
chr14	20179491	20185491	OR11H2	0	-
chr14	20184174	20190174	OR4N2	0	+
chr14	20334302	20340302	OR4K3	0	-
chr14	20340301	20346301	OR4K2	0	+
chr14	20385766	20391766	OR4K5	0	+
chr14	20396076	20402076	OR4K1	0	+
chr14	20440750	20446750	OR4K15	0	+
chr14	20465072	20471072	OR4Q2	0	+
chr14	20484466	20490466	OR4K14	0	-
chr14	20501197	20507197	OR4K13	0	-
chr14	20525204	20531204	OR4L1	0	+
chr14	20575898	20581898	OR4K17	0	+
chr14	20603979	20609979	OR4N5	0	+
chr14	20656055	20662055	OR11G2	0	+
chr14	20688869	20694869	OR11H6	0	+
chr14	20704445	20710445	OR11H4	0	+
chr14	21026090	21032090	RNASE9	0	-
chr14	21074954	21080954	ENSG00000259060	0	-
chr14	21106850	21112850	OR6S1	0	-
chr14	21356544	21362544	RNASE3	0	+
chr14	21624219	21630219	OR5AU1	0	-
chr14	22045210	22051210	OR10G3	0	-
chr14	22100096	22106096	OR10G2	0	-
chr14	22119051	22125051	OR4E2	0	+
chr14	23110561	23116561	OR6J1	0	-
chr14	23448467	23454467	ENSG00000259132	0	-
chr14	23508421	23514421	PSMB11	0	+
chr14	23839018	23845018	IL25	0	+
chr14	23874482	23880482	MYH6	0	-
chr14	24537046	24543046	CPNE6	0	+
chr14	24679679	24685679	ENSG00000254692	0	-
chr14	29232993	29238993	FOXG1	0	+
chr14	31954245	31960245	GPR33	0	-
chr14	36000370	36006370	INSM2	0	+
chr14	36987354	36993354	SFTA3	0	-
chr14	44973486	44979486	FSCB	0	-
chr14	47117984	47123984	RPL10L	0	-
chr14	57280411	57286411	OTX2	0	-
chr14	58445912	58451912	SLC35F4	0	-
chr14	60040530	60046530	CCDC175	0	-
chr14	60383431	60389431	LRRC9	0	+
chr14	63782649	63788649	GPHB5	0	-
chr14	65378203	65384203	CHURC1-FNTB	0	+
chr14	66875422	66881422	CCDC196	0	+
chr14	67653110	67659110	GARIN2	0	+
chr14	70038588	70044588	CCDC177	0	-
chr14	70652787	70658787	SLC8A3	0	-
chr14	70998732	71004732	ADAM20	0	-
chr14	74315674	74321674	ENSG00000258653	0	+
chr14	94450571	94456571	CCDC197	0	+
chr14	94830035	94836035	SERPINA2	0	-
chr14	96149763	96155763	TCL1B	0	+
chr14	96177533	96183533	TCL1A	0	-
chr14	96668181	96674181	ENSG00000258691	0	+
chr14	101367059	101373059	RTL1	0	-
chr15	21001687	21007687	NOVEL	0	+
chr15	21068643	21074643	POTEB2	0	-
chr15	22733246	22739246	KNOWN	0	+
chr15	23411193	23417193	NOVEL	0	-
chr15	23689390	23695390	GOLGA6L2	0	-
chr15	23890014	23896014	MAGEL2	0	-
chr15	24917922	24923922	NPAP1	0	+
chr15	28600230	28606230	GOLGA6L24P	0	-
chr15	28620767	28626767	GOLGA8F	0	+
chr15	28775160	28781160	GOLGA8G	0	-
chr15	28795714	28801714	GOLGA6L25P	0	+
chr15	29090821	29096821	GOLGA6L7	0	-
chr15	30372158	30378158	GOLGA8J	0	+
chr15	30424254	30430254	GOLGA8T	0	+
chr15	30841253	30847253	GOLGA8Q	0	+
chr15	31450476	31456476	TRPM1	0	-
chr15	32692493	32698493	GOLGA8K	0	-
chr15	32744835	32750835	GOLGA8O	0	-
chr15	32771822	32777822	NOVEL	0	+
chr15	34257698	34263698	CHRM5	0	+
chr15	35044199	35050199	GJD2	0	-
chr15	35374496	35380496	NANOGP8	0	-
chr15	38211140	38217140	TMCO5A	0	+
chr15	42340388	42346388	PLA2G4E	0	-
chr15	42383760	42389760	PLA2G4D	0	-
chr15	45245885	45251885	TERB2	0	+
chr15	45541432	45547432	SLC28A2	0	+
chr15	45876549	45882549	ENSG00000260170	0	+
chr15	51627798	51633798	CYP19A1	0	-
chr15	53080275	53086275	ONECUT1	0	-
chr15	54267398	54273398	UNC13C	0	+
chr15	60293433	60299433	FOXB1	0	+
chr15	64670639	64676639	ENSG00000259316	0	-
chr15	65131082	65137082	ENSG00000249240	0	+
chr15	65366084	65372084	KBTBD13	0	+
chr15	72687643	72693643	TMEM202	0	+
chr15	72944038	72950038	GOLGA6B	0	+
chr15	73658299	73664299	HCN4	0	-
chr15	73732505	73738505	REC114	0	+
chr15	74162905	74168905	TBC1D21	0	+
chr15	74371891	74377891	GOLGA6A	0	-
chr15	74492046	74498046	CCDC33	0	+
chr15	75038186	75044186	CYP1A2	0	+
chr15	75102057	75108057	LMAN1L	0	+
chr15	75115968	75121968	CPLX3	0	+
chr15	75547675	75553675	GOLGA6C	0	+
chr15	75572176	75578176	GOLGA6D	0	+
chr15	79572064	79578064	ANKRD34C	0	+
chr15	81663554	81669554	TMC3	0	-
chr15	82638706	82644706	KNOWN	0	-
chr15	82719223	82725223	KNOWN	0	+
chr15	82936159	82942159	NOVEL	0	-
chr15	83015198	83021198	NOVEL	0	-
chr15	83471822	83477822	FSD2	0	-
chr15	102340712	102346712	OR4F6	0	+
chr15	102349405	102355405	OR4F15	0	+
chr15	102460316	102466316	OR4F4	0	-
chr16	607394	613394	PRR35	0	+
chr16	1119747	1125747	SSTR5	0	+
chr16	1143244	1149244	C1QTNF8	0	-
chr16	1535982	1541982	PTX4	0	-
chr16	2560966	2566966	ENSG00000259784	0	+
chr16	2578418	2584418	CEMP1	0	-
chr16	3146296	3152296	ZSCAN10	0	-
chr16	3402889	3408889	OR2C1	0	+
chr16	4467495	4473495	CORO7-PAM16	0	-
chr16	5286803	5292803	RBFOX1	0	+
chr16	8619304	8625304	TMEM114	0	-
chr16	14833390	14839390	NPIPA2	0	+
chr16	18470188	18476188	NOVEL	0	-
chr16	20082212	20088212	GPR139	0	-
chr16	20413059	20419059	PDILT	0	-
chr16	21222831	21228831	ZP2	0	-
chr16	21672289	21678289	OTOA	0	+
chr16	22170813	22176813	SDR42E2	0	+
chr16	24264656	24270656	CACNG3	0	+
chr16	27075248	27081248	C16orf82	0	+
chr16	28072035	28078035	GSG1L	0	-
chr16	28500419	28506419	ENSG00000261832	0	-
chr16	28645975	28651975	NPIPB8	0	+
chr16	28760108	28766108	NPIPB9	0	+
chr16	29468234	29474234	SULT1A4	0	+
chr16	29786577	29792577	ZG16	0	+
chr16	30202196	30208196	SLX1A	0	+
chr16	30263589	30269589	NPIPB13	0	-
chr16	30543173	30549173	ENSG00000261459	0	-
chr16	32684486	32690486	TP53TG3	0	-
chr16	33259082	33265082	TP53TG3B	0	+
chr16	49404715	49410715	C16orf78	0	+
chr16	55986943	55992943	CES5A	0	-
chr16	56682798	56688798	MT1B	0	+
chr16	67915788	67921788	NRN1L	0	+
chr16	68011452	68017452	DPEP3	0	-
chr16	70204225	70210225	CLEC18C	0	+
chr16	70330097	70336097	ENSG00000260537	0	+
chr16	71472957	71478957	TLE7	0	-
chr16	84073400	84079400	SLC38A8	0	-
chr16	84270618	84276618	KCNG4	0	-
chr16	87967186	87973186	CA5A	0	-
chr16	88701980	88707980	IL17C	0	+
chr16	88930068	88936068	PABPN1L	0	-
chr16	90155480	90161480	PRDM7	0	-
chr17	2963901	2969901	OR1D5	0	-
chr17	3004716	3010716	OR1D2	0	-
chr17	3027845	3033845	OR1G1	0	-
chr17	3055176	3061176	OR1P1	0	-
chr17	3097813	3103813	OR1A2	0	+
chr17	3107833	3113833	OR1A1	0	+
chr17	3286611	3292611	OR3A2	0	-
chr17	3298704	3304704	OR1E1	0	-
chr17	3320862	3326862	KNOWN	0	+
chr17	3334135	3340135	OR1E2	0	-
chr17	4672179	4678179	TM4SF5	0	+
chr17	6335519	6341519	AIPL1	0	-
chr17	6552082	6558082	C17orf100	0	+
chr17	7255442	7261442	TMEM95	0	+
chr17	7304416	7310416	TMEM256-PLSCR3	0	-
chr17	7449416	7455416	TNFSF12-TNFSF13	0	+
chr17	8240158	8246158	ODF4	0	+
chr17	8645537	8651537	CCDC42	0	-
chr17	8658877	8664877	SPDYE4	0	-
chr17	9691909	9697909	DHRS7C	0	-
chr17	9722396	9728396	GSG1L2	0	-
chr17	10273447	10279447	MYH13	0	-
chr17	10322267	10328267	MYH8	0	-
chr17	10369876	10375876	MYH4	0	-
chr17	10418859	10424859	MYH1	0	-
chr17	10450017	10456017	MYH2	0	-
chr17	10738404	10744404	PIRT	0	-
chr17	11498787	11504787	DNAH9	0	+
chr17	15551967	15557967	ENSG00000251537	0	-
chr17	15599866	15605866	ZNF286A-TBC1D26	0	+
chr17	16590575	16596575	ENSG00000266302	0	+
chr17	18544740	18550740	TBC1D28	0	-
chr17	20480037	20486037	CDRT15L2	0	+
chr17	26217391	26223391	ENSG00000266202	0	-
chr17	28658077	28664077	TMIGD1	0	-
chr17	31294394	31300394	SPACA3	0	+
chr17	32498983	32504983	ASIC2	0	-
chr17	33445512	33451512	ENSG00000267618	0	-
chr17	33471836	33477836	UNC45B	0	+
chr17	33518412	33524412	SLC35G3	0	-
chr17	33884838	33890838	SLFN14	0	-
chr17	36355166	36361166	KNOWN	0	-
chr17	37120656	37126656	FBXO47	0	-
chr17	37763030	37769030	NEUROD2	0	-
chr17	38857004	38863004	KRT24	0	-
chr17	38908583	38914583	KRT25	0	-
chr17	38925453	38931453	KRT26	0	-
chr17	38953211	38959211	KRT28	0	-
chr17	39038494	39044494	KRT20	0	-
chr17	39153158	39159158	KRTAP3-2	0	-
chr17	39180460	39186460	KRTAP1-5	0	-
chr17	39183447	39189447	KRTAP1-4	0	-
chr17	39188126	39194126	KRTAP1-3	0	-
chr17	39200568	39206568	KRTAP2-1	0	-
chr17	39208482	39214482	KRTAP2-2	0	-
chr17	39219131	39225131	KRTAP2-4	0	-
chr17	39237402	39243402	KRTAP4-7	0	+
chr17	39251394	39257394	KRTAP4-8	0	-
chr17	39255461	39261461	KRTAP4-16	0	-
chr17	39258641	39264641	KRTAP4-9	0	+
chr17	39271625	39277625	KRTAP4-11	0	-
chr17	39277434	39283434	KRTAP4-12	0	-
chr17	39293796	39299796	KRTAP4-6	0	-
chr17	39303077	39309077	KRTAP4-5	0	-
chr17	39314000	39320000	KRTAP4-4	0	-
chr17	39321473	39327473	KRTAP4-3	0	-
chr17	39331473	39337473	KRTAP4-2	0	-
chr17	39343139	39349139	KRTAP9-1	0	+
chr17	39379900	39385900	KRTAP9-2	0	+
chr17	39385701	39391701	KRTAP9-3	0	+
chr17	39391251	39397251	KRTAP9-8	0	+
chr17	39402939	39408939	KRTAP9-4	0	+
chr17	39408636	39414636	KRTAP9-9	0	+
chr17	39418630	39424630	KRTAP9-6	0	+
chr17	39428950	39434950	KRTAP9-7	0	+
chr17	39462561	39468561	KRTAP16-1	0	-
chr17	39577837	39583837	KRT37	0	-
chr17	39634403	39640403	KRT35	0	-
chr17	40334470	40340470	HCRT	0	-
chr17	41049814	41055814	G6PC1	0	+
chr17	41854803	41860803	CFAP97D1	0	+
chr17	42016844	42022844	PPY	0	-
chr17	42342509	42348509	SLC4A1	0	-
chr17	43694710	43700710	LINC02210-CRHR1	0	+
chr17	43919247	43925247	SPPL2C	0	+
chr17	44997499	45003499	ENSG00000262633	0	+
chr17	46605373	46611373	HOXB1	0	-
chr17	46796880	46802880	PRAC1	0	-
chr17	47042958	47048958	GIP	0	-
chr17	48841918	48847918	ANKRD40CL	0	-
chr17	49227951	49233951	NME1-NME2	0	+
chr17	51897288	51903288	KIF2B	0	+
chr17	53585805	53591805	SMIM36	0	-
chr17	55819660	55825660	CCDC182	0	-
chr17	56081607	56087607	ENSG00000266086	0	-
chr17	56222745	56228745	OR4D1	0	+
chr17	56241343	56247343	OR4D2	0	+
chr17	56562769	56568769	HSF5	0	-
chr17	59665580	59671580	NACA2	0	-
chr17	60357276	60363276	NOVEL	0	-
chr17	61559184	61565184	ENSG00000264813	0	+
chr17	61597695	61603695	KCNH6	0	+
chr17	61826457	61832457	ENSG00000125695	0	-
chr17	61948126	61954126	CSH2	0	-
chr17	61971021	61977021	CSH1	0	-
chr17	61985701	61991701	CSHL1	0	-
chr17	64828235	64834235	CACNG5	0	+
chr17	72267373	72273373	DNAI2	0	+
chr17	72355007	72361007	BTBD17	0	-
chr17	72916045	72922045	OTOP2	0	+
chr17	76139466	76145466	C17orf99	0	+
chr17	76224391	76230391	TMEM235	0	+
chr17	77701705	77707705	ENPP7	0	+
chr17	79667401	79673401	ENSG00000262660	0	+
chr18	577380	583380	CETN1	0	+
chr18	5194502	5200502	AKAIN1	0	-
chr18	7228087	7234087	LRRC30	0	+
chr18	9882763	9888763	TXNDC2	0	+
chr18	11606595	11612595	SLC35G4	0	+
chr18	13912706	13918706	MC2R	0	-
chr18	14540599	14546599	POTEC	0	-
chr18	19994878	20000878	CTAGE1	0	-
chr18	22037601	22043601	HRH4	0	+
chr18	23710816	23716816	PSMA8	0	+
chr18	28953740	28959740	DSG4	0	+
chr18	29133972	29139972	TTR	0	+
chr18	33074904	33080904	ENSG00000267140	0	-
chr18	40692656	40698656	RIT2	0	-
chr18	40854500	40860500	SYT4	0	-
chr18	42789960	42795960	SLC14A2	0	+
chr18	44775031	44781031	SKOR2	0	-
chr18	48491389	48497389	ENSG00000267699	0	+
chr18	49863567	49869567	DCC	0	+
chr18	52251988	52257988	DYNAP	0	+
chr18	54811318	54817318	BOD1L2	0	+
chr18	55016788	55022788	ST8SIA3	0	+
chr18	56938318	56944318	RAX	0	-
chr18	56982881	56988881	CPLX4	0	-
chr18	61206602	61212602	SERPINB12	0	+
chr18	61251223	61257223	SERPINB13	0	+
chr18	61311813	61317813	SERPINB11	0	+
chr18	61572192	61578192	SERPINB10	0	+
chr18	63414488	63420488	CDH7	0	+
chr18	70302756	70308756	CBLN2	0	-
chr18	71980074	71986074	C18orf63	0	+
chr18	73136658	73142658	SMIM21	0	-
chr18	74958804	74964804	GALR1	0	+
chr18	76736818	76742818	SALL3	0	+
chr19	104104	110104	OR4F17	0	+
chr19	692498	698498	PRSS57	0	-
chr19	1602444	1608444	ENSG00000267059	0	-
chr19	1750505	1756505	ONECUT3	0	+
chr19	2737046	2743046	ENSG00000267001	0	-
chr19	3769226	3775226	RAX2	0	-
chr19	3876862	3882862	ATCAY	0	+
chr19	3930067	3936067	NMRK2	0	+
chr19	4150628	4156628	CREB3L3	0	+
chr19	5452428	5458428	ZNRF4	0	+
chr19	5900798	5906798	ENSG00000267740	0	-
chr19	7018443	7024443	MBD3L2B	0	-
chr19	7027589	7033589	MBD3L5	0	+
chr19	7037190	7043190	MBD3L4	0	-
chr19	7066676	7072676	MBD3L3	0	-
chr19	7691682	7697682	ENSG00000268400	0	+
chr19	8737083	8743083	NFILZ	0	+
chr19	8806145	8812145	ACTL9	0	-
chr19	8828998	8834998	OR2Z1	0	+
chr19	8940053	8946053	MBD3L1	0	+
chr19	9194737	9200737	OR1M1	0	+
chr19	9215151	9221151	OR7G2	0	-
chr19	9223439	9229439	OR7G1	0	-
chr19	9234626	9240626	OR7G3	0	-
chr19	9286655	9292655	OR7D2	0	+
chr19	9327265	9333265	OR7D4	0	-
chr19	9355020	9361020	OR7E24	0	+
chr19	10120925	10126925	RDH8	0	+
chr19	10213899	10219899	PPAN-P2RY11	0	+
chr19	10394631	10400631	ICAM4	0	+
chr19	10423685	10429685	ENSG00000167807	0	-
chr19	11613513	11619513	ENSG00000267477	0	-
chr19	12032890	12038890	ENSG00000267179	0	+
chr19	12659288	12665288	ENSG00000196826	0	-
chr19	14956734	14962734	OR7A10	0	-
chr19	14993944	14999944	OR7A17	0	-
chr19	15049301	15055301	OR7C2	0	+
chr19	15190022	15196022	OR1I1	0	+
chr19	15835834	15841834	OR10H2	0	+
chr19	15845795	15851795	OR10H3	0	+
chr19	15895471	15901471	OR10H5	0	+
chr19	16005887	16011887	CYP4F2	0	-
chr19	16052109	16058109	OR10H4	0	+
chr19	16736015	16742015	ENSG00000141979	0	-
chr19	17568613	17574613	ENSG00000269035	0	-
chr19	18260968	18266968	ENSG00000268173	0	+
chr19	19319767	19325767	NCAN	0	+
chr19	19370613	19376613	HAPLN4	0	-
chr19	19624036	19630036	ENSG00000258674	0	+
chr19	21584961	21590961	ENSG00000269237	0	+
chr19	30013901	30019901	VSTM2B	0	+
chr19	30716197	30722197	ZNF536	0	+
chr19	35716642	35722642	FAM187B	0	-
chr19	35835805	35841805	FFAR1	0	+
chr19	35858970	35864970	GPR42	0	+
chr19	36021357	36027357	GAPDHS	0	+
chr19	36051560	36057560	ATP4A	0	-
chr19	36205875	36211875	KMT2B	0	+
chr19	36233333	36239333	ENSG00000267120	0	-
chr19	36233579	36239579	ENSG00000188223	0	+
chr19	36301201	36307201	PRODH2	0	-
chr19	39327818	39333818	ENSG00000268083	0	-
chr19	39437495	39443495	ENSG00000269547	0	-
chr19	40090164	40096164	LGALS13	0	+
chr19	40143553	40149553	LGALS16	0	+
chr19	40192121	40198121	LGALS14	0	+
chr19	40225669	40231669	CLC	0	-
chr19	40264235	40270235	LEUTX	0	+
chr19	41304202	41310202	ENSG00000268797	0	+
chr19	41494187	41500187	CYP2B6	0	+
chr19	41853758	41859758	ENSG00000255730	0	+
chr19	42209576	42215576	ENSG00000267881	0	+
chr19	42756284	42762284	ENSG00000268643	0	-
chr19	43096207	43102207	CEACAM8	0	-
chr19	43241633	43247633	PSG3	0	-
chr19	43356843	43362843	PSG8	0	-
chr19	43380974	43386974	PSG1	0	-
chr19	43420715	43426715	PSG6	0	-
chr19	43438359	43444359	PSG7	0	-
chr19	43527626	43533626	PSG11	0	-
chr19	43584197	43590197	PSG2	0	-
chr19	43687688	43693688	PSG5	0	-
chr19	43770682	43776682	PSG9	0	-
chr19	43902648	43908648	TEX101	0	+
chr19	44094188	44100188	ENSG00000268361	0	-
chr19	44217228	44223228	IRGC	0	+
chr19	44526506	44532506	ENSG00000267022	0	+
chr19	44902774	44908774	ENSG00000267173	0	-
chr19	45199421	45205421	CEACAM16	0	+
chr19	45442495	45448495	APOC4-APOC2	0	+
chr19	46233697	46239697	MEIOSIN	0	+
chr19	46415036	46421036	NANOS2	0	-
chr19	48319308	48325308	TPRX1	0	-
chr19	48320036	48326036	CRX	0	+
chr19	48359492	48365492	TPRX2	0	+
chr19	48386572	48392572	SULT2A1	0	-
chr19	48492427	48498427	BSPH1	0	-
chr19	48494889	48500889	ELSPBP1	0	+
chr19	48544336	48550336	CABP5	0	-
chr19	49537152	49543152	ENSG00000267335	0	-
chr19	49544105	49550105	CGB5	0	+
chr19	49549368	49555368	CGB8	0	-
chr19	49963009	49969009	ENSG00000269469	0	+
chr19	50458648	50464648	ENSG00000269179	0	-
chr19	50663538	50669538	IZUMO2	0	-
chr19	51270721	51276721	GPR32	0	+
chr19	51337469	51343469	KLK15	0	-
chr19	51355171	51361171	KLK3	0	+
chr19	51361824	51367824	KLK2	0	+
chr19	51509837	51515837	ENSG00000269741	0	-
chr19	51746603	51752603	SIGLECL1	0	+
chr19	51888228	51894228	LIM2	0	-
chr19	51978793	51984793	CEACAM18	0	+
chr19	52130654	52136654	SIGLEC5	0	-
chr19	53463076	53469076	ZNF816-ZNF321P	0	-
chr19	53758545	53764545	VN1R2	0	+
chr19	53767976	53773976	VN1R4	0	-
chr19	53777715	53783715	FAM90A27P	0	+
chr19	54132253	54138253	DPRX	0	+
chr19	54379444	54385444	PRKCG	0	+
chr19	54409532	54415532	CACNG7	0	+
chr19	54463191	54469191	CACNG8	0	+
chr19	54491891	54497891	CACNG6	0	+
chr19	54564207	54570207	VSTM1	0	-
chr19	54581634	54587634	TARM1	0	-
chr19	55232947	55238947	KIR3DL3	0	+
chr19	55246978	55252978	KIR2DL3	0	+
chr19	55278245	55284245	KIR2DL1	0	+
chr19	55312065	55318065	KIR2DL4	0	+
chr19	55324923	55330923	KIR3DL1	0	+
chr19	55358898	55364898	KIR3DL2	0	+
chr19	55871628	55877628	GARIN5B	0	-
chr19	55951667	55957667	SHISA7	0	-
chr19	56045500	56051500	SBK2	0	-
chr19	56267463	56273463	RFPL4A	0	+
chr19	56277484	56283484	RFPL4AL1	0	+
chr19	56345166	56351166	NLRP11	0	-
chr19	56440702	56446702	NLRP13	0	-
chr19	56456198	56462198	NLRP8	0	+
chr19	56508092	56514092	NLRP5	0	+
chr19	56684377	56690377	GALP	0	+
chr19	56706184	56712184	ZSCAN5B	0	-
chr19	56710642	56716642	ZSCAN5C	0	+
chr19	57627506	57633506	USP29	0	+
chr19	57653570	57659570	ZIM3	0	-
chr19	57675853	57681853	DUXA	0	-
chr19	57996086	58002086	ENSG00000268107	0	+
chr19	58190413	58196413	ENSG00000269026	0	+
chr2	2332436	2338436	MYT1L	0	-
chr2	3702790	3708790	ALLC	0	+
chr2	3748165	3754165	DCDC2C	0	+
chr2	17994727	18000727	MSGN1	0	+
chr2	18767830	18773830	NT5C1B-RDH14	0	-
chr2	20863904	20869904	GDF7	0	+
chr2	21343840	21349840	TDRD15	0	+
chr2	27359278	27365278	PRR30	0	-
chr2	27368872	27374872	TCF23	0	+
chr2	29176477	29182477	TOGARAM2	0	+
chr2	37420741	37426741	SULT6B1	0	-
chr2	48754064	48760064	STON1-GTF2A1L	0	+
chr2	49378666	49384666	FSHR	0	-
chr2	68485362	68491362	ENSG00000273398	0	-
chr2	69095529	69101529	BMP10	0	-
chr2	69177025	69183025	GKN2	0	-
chr2	69198705	69204705	GKN1	0	+
chr2	71014775	71020775	FIGLA	0	-
chr2	73426702	73432702	NOTO	0	+
chr2	74008310	74014310	C2orf78	0	+
chr2	74587504	74593504	ENSG00000264324	0	-
chr2	79249812	79255812	REG3G	0	+
chr2	79312145	79318145	REG1B	0	-
chr2	79383879	79389879	REG3A	0	-
chr2	79409357	79415357	CTNNA2	0	+
chr2	86945245	86951245	RNF103-CHMP3	0	-
chr2	87132076	87138076	RGPD1	0	+
chr2	88122315	88128315	RGPD2	0	-
chr2	88424581	88430581	FABP1	0	-
chr2	88821167	88827167	TEX37	0	+
chr2	90535397	90541397	PUTATIVE	0	-
chr2	96147502	96153502	TRIM43B	0	-
chr2	98700579	98706579	VWA3B	0	+
chr2	101083944	101089944	NMS	0	+
chr2	108440348	108446348	RGPD4	0	+
chr2	108599979	108605979	SLC5A7	0	+
chr2	108853424	108859424	SULT1C3	0	+
chr2	110547335	110553335	RGPD5	0	+
chr2	111365417	111371417	RGPD6	0	-
chr2	113760036	113766036	IL36A	0	+
chr2	113807444	113813444	IL36B	0	-
chr2	113822547	113828547	IL1F10	0	+
chr2	121220697	121226697	KNOWN	0	-
chr2	124779864	124785864	CNTNAP5	0	+
chr2	127653440	127659440	TEX51	0	+
chr2	131275770	131281770	CFC1B	0	+
chr2	131354148	131360148	CFC1	0	-
chr2	131366013	131372013	POTEJ	0	+
chr2	131483643	131489643	GPR148	0	+
chr2	131510113	131516113	AMER3	0	+
chr2	135802038	135808038	MAP3K19	0	-
chr2	160758221	160764221	LY75-CD302	0	-
chr2	163005914	163011914	GCG	0	-
chr2	167741990	167747990	XIRP2	0	+
chr2	169884834	169890834	ABCB11	0	-
chr2	170332990	170338990	ENSG00000251569	0	+
chr2	176945690	176951690	EVX2	0	-
chr2	176961523	176967523	HOXD12	0	+
chr2	187710935	187716935	ZSWIM2	0	-
chr2	193056659	193062659	TMEFF2	0	-
chr2	207504211	207510211	FAM237A	0	+
chr2	207583294	207589294	DYTN	0	-
chr2	208986248	208992248	CRYGD	0	-
chr2	208991552	208997552	CRYGC	0	-
chr2	209007882	209013882	CRYGB	0	-
chr2	209025313	209031313	CRYGA	0	-
chr2	209051754	209057754	C2orf80	0	-
chr2	211176898	211182898	MYL1	0	-
chr2	215272778	215278778	VWC2L	0	+
chr2	219846906	219852906	FEV	0	-
chr2	219903249	219909249	CFAP65	0	-
chr2	219922643	219928643	IHH	0	-
chr2	220194899	220200899	RESP18	0	-
chr2	226261426	226267426	NYAP2	0	+
chr2	228243711	228249711	TM4SF20	0	-
chr2	228732770	228738770	DAW1	0	+
chr2	231852039	231858039	SPATA3	0	+
chr2	232454575	232460575	TEX44	0	+
chr2	233240434	233246434	ALPP	0	+
chr2	233268554	233274554	ALPG	0	+
chr2	233317835	233323835	ALPI	0	+
chr2	233382098	233388098	PRSS56	0	+
chr2	233387703	233393703	CHRND	0	+
chr2	233894382	233900382	NEU2	0	+
chr2	234213462	234219462	SAG	0	+
chr2	234523279	234529279	UGT1A8	0	+
chr2	234956323	234962323	SPP2	0	+
chr2	237170052	237176052	ASB18	0	-
chr2	238472217	238478217	PRLH	0	+
chr2	238872656	238878656	UBE2F-SCLY	0	+
chr2	240966906	240972906	KNOWN	0	-
chr2	240983444	240989444	OR6B3	0	-
chr2	241619323	241625323	AQP12B	0	-
chr2	241628283	241634283	AQP12A	0	+
chr2	241842747	241848747	CROCC2	0	+
chr2	242808752	242814752	RTP5	0	+
chr20	64891	70891	DEFB125	0	+
chr20	135095	141095	DEFB127	0	+
chr20	167352	173352	DEFB128	0	-
chr20	204899	210899	DEFB129	0	+
chr20	275211	281211	ZCCHC3	0	+
chr20	1203688	1209688	RAD21L1	0	+
chr20	1597655	1603655	ENSG00000260861	0	-
chr20	1971931	1977931	PDYN	0	-
chr20	2358547	2364547	TGM6	0	+
chr20	2793948	2799948	TMEM239	0	+
chr20	3062370	3068370	AVP	0	-
chr20	3641046	3647046	GFRA4	0	-
chr20	5294600	5300600	PROKR2	0	-
chr20	16726003	16732003	OTOR	0	+
chr20	17203752	17209752	PCSK2	0	+
chr20	17671317	17677317	BANF2	0	+
chr20	18791427	18797427	SCP2D1	0	+
chr20	21375164	21381164	NKX2-4	0	-
chr20	23012949	23018949	SSTR4	0	+
chr20	23468738	23474738	CST8	0	+
chr20	23546121	23552121	CST9L	0	-
chr20	29842467	29848467	DEFB115	0	+
chr20	29893388	29899388	DEFB116	0	-
chr20	29953404	29959404	DEFB118	0	+
chr20	29975393	29981393	DEFB119	0	-
chr20	29997641	30003641	DEFB121	0	-
chr20	30025435	30031435	DEFB123	0	+
chr20	30552954	30558954	XKR7	0	+
chr20	31589239	31595239	SUN5	0	-
chr20	31616454	31622454	BPIFB6	0	+
chr20	31638709	31644709	BPIFB3	0	+
chr20	31664449	31670449	BPIFB4	0	+
chr20	31802116	31808116	BPIFA3	0	+
chr20	33877228	33883228	FAM83C	0	-
chr20	34114481	34120481	C20orf173	0	-
chr20	34259466	34265466	ENSG00000272897	0	-
chr20	35887222	35893222	GHRH	0	-
chr20	37206838	37212838	ADIG	0	+
chr20	37350129	37356129	SLC32A1	0	+
chr20	42962683	42968683	R3HDML	0	+
chr20	42981339	42987339	HNF4A	0	+
chr20	43832674	43838674	SEMG1	0	+
chr20	43847014	43853014	SEMG2	0	+
chr20	44141262	44147262	SPINT3	0	-
chr20	44173301	44179301	EPPIN-WFDC6	0	-
chr20	44204965	44210965	WFDC8	0	-
chr20	44256923	44262923	WFDC9	0	-
chr20	44295909	44301909	WFDC11	0	-
chr20	44347986	44353986	SPINT4	0	+
chr20	45176293	45182293	OCSTAMP	0	-
chr20	48767174	48773174	PEDS1-UBE2V1	0	-
chr20	54820788	54826788	MC3R	0	+
chr20	55901859	55907859	SPO11	0	+
chr20	56097708	56103708	CTCFL	0	-
chr20	56800709	56806709	ANKRD60	0	-
chr20	60792334	60798334	HRH3	0	-
chr20	61635387	61641387	BHLHE23	0	-
chr20	61921538	61927538	COL20A1	0	+
chr20	62006753	62012753	CHRNA4	0	-
chr20	62101030	62107030	KCNQ2	0	-
chr21	11026719	11032719	KNOWN	0	-
chr21	14742386	14748386	NOVEL	0	-
chr21	14979098	14985098	POTED	0	+
chr21	19855197	19861197	TMPRSS15	0	-
chr21	31536123	31542123	CLDN17	0	-
chr21	31652268	31658268	KRTAP24-1	0	-
chr21	31658832	31664832	KRTAP25-1	0	-
chr21	31689633	31695633	KRTAP26-1	0	-
chr21	31707012	31713012	KRTAP27-1	0	-
chr21	31717924	31723924	KRTAP23-1	0	-
chr21	31741589	31747589	KRTAP13-2	0	-
chr21	31765349	31771349	KRTAP13-1	0	+
chr21	31795244	31801244	KRTAP13-3	0	-
chr21	31799538	31805538	KRTAP13-4	0	+
chr21	31809593	31815593	KRTAP15-1	0	+
chr21	31849686	31855686	KRTAP19-1	0	-
chr21	31856755	31862755	KRTAP19-2	0	-
chr21	31861331	31867331	KRTAP19-3	0	-
chr21	31866483	31872483	KRTAP19-4	0	-
chr21	31871459	31877459	KRTAP19-5	0	-
chr21	31911183	31917183	KRTAP19-6	0	-
chr21	31930633	31936633	KRTAP19-7	0	-
chr21	31959716	31965716	KRTAP22-2	0	-
chr21	31961759	31967759	KRTAP6-3	0	+
chr21	31968221	31974221	KRTAP6-2	0	-
chr21	31970406	31976406	KRTAP22-1	0	+
chr21	31983249	31989249	KRTAP6-1	0	-
chr21	31985744	31991744	KRTAP20-1	0	+
chr21	31989946	31995946	KRTAP20-4	0	+
chr21	32004525	32010525	KRTAP20-2	0	+
chr21	32012183	32018183	KRTAP20-3	0	+
chr21	32088095	32094095	KRTAP21-3	0	-
chr21	32116577	32122577	KRTAP21-2	0	-
chr21	32124746	32130746	KRTAP21-1	0	-
chr21	32182592	32188592	KRTAP8-1	0	-
chr21	32250899	32256899	KRTAP11-1	0	-
chr21	32407795	32413795	KRTAP19-8	0	-
chr21	34395243	34401243	OLIG2	0	+
chr21	35300911	35306911	ENSG00000249209	0	-
chr21	39490439	39496439	KCNJ6	0	-
chr21	44586118	44592118	CRYAA	0	+
chr21	45702721	45708721	AIRE	0	+
chr22	16284937	16290937	KNOWN	0	-
chr22	16446805	16452805	KNOWN	0	-
chr22	17070700	17076700	CCT8L2	0	-
chr22	17303301	17309301	XKR3	0	-
chr22	17486112	17492112	GAB4	0	-
chr22	19134805	19140805	GSC2	0	-
chr22	20689438	20695438	KNOWN	0	+
chr22	21357736	21363736	NOVEL	0	-
chr22	21397235	21403235	LRRC74B	0	+
chr22	22596192	22602192	VPREB1	0	+
chr22	22984085	22990085	GGTLC2	0	+
chr22	24201375	24207375	ENSG00000251357	0	+
chr22	24663866	24669866	SPECC1L-ADORA2A	0	+
chr22	26562428	26568428	SEZ6L	0	+
chr22	29831572	29837572	RFPL1	0	+
chr22	30473453	30479453	HORMAD2	0	+
chr22	30865004	30871004	SEC14L3	0	-
chr22	32857471	32863471	BPIFC	0	-
chr22	35459129	35465129	ISX	0	+
chr22	37096797	37102797	CACNG2	0	-
chr22	37400892	37406892	TEX33	0	-
chr22	38216389	38222389	GALR3	0	+
chr22	40286868	40292868	ENTHD1	0	-
chr22	50493727	50499727	TTLL8	0	-
chr3	6808688	6814688	GRM7	0	+
chr3	9592506	9598506	LHFPL4	0	-
chr3	10288056	10294056	ENSG00000272410	0	+
chr3	13918568	13924568	WNT7A	0	-
chr3	16708813	16714813	DAZL	0	-
chr3	35677437	35683437	ARPP21	0	+
chr3	38304303	38310303	SLC22A13	0	+
chr3	38854777	38860777	SCN10A	0	-
chr3	39505689	39511689	MOBP	0	+
chr3	42724029	42730029	KLHL40	0	+
chr3	44280378	44286378	TOPAZ1	0	+
chr3	44913100	44919100	TGM4	0	+
chr3	49226291	49232291	C3orf84	0	-
chr3	50226043	50232043	GNAT1	0	+
chr3	51810257	51816257	IQCF6	0	-
chr3	51892631	51898631	IQCF2	0	+
chr3	51906617	51912617	IQCF5	0	-
chr3	52094567	52100567	KNOWN	0	-
chr3	63210991	63216991	SYNPR	0	+
chr3	63635351	63641351	SNTN	0	+
chr3	68050390	68056390	TAFA1	0	+
chr3	70358789	70364789	MDFIC2	0	-
chr3	75710479	75716479	FRG2C	0	+
chr3	87322734	87328734	POU1F1	0	-
chr3	97751159	97757159	GABRR3	0	-
chr3	97780316	97786316	OR5AC1	0	+
chr3	97803017	97809017	OR5AC2	0	+
chr3	97846565	97852565	OR5H1	0	+
chr3	97863323	97869323	OR5H14	0	+
chr3	97882540	97888540	OR5H15	0	+
chr3	97979096	97985096	OR5H6	0	+
chr3	97998349	98004349	OR5H2	0	+
chr3	98022596	98028596	OR5H8	0	+
chr3	98069698	98075698	OR5K4	0	+
chr3	98106510	98112510	OR5K3	0	+
chr3	98179045	98185045	OR5K1	0	+
chr3	108473257	108479257	RETNLB	0	-
chr3	108669726	108675726	GUCA1C	0	-
chr3	108833981	108839981	MORC1	0	-
chr3	108834099	108840099	C3orf85	0	+
chr3	109032364	109038364	DPPA2	0	-
chr3	109053393	109059393	DPPA4	0	-
chr3	111750583	111756583	TMPRSS7	0	+
chr3	112562711	112568711	CD200R1L	0	-
chr3	113915254	113921254	DRD3	0	-
chr3	113953425	113959425	ZNF80	0	-
chr3	118863222	118869222	ENSG00000251012	0	+
chr3	121283796	121289796	ARGFX	0	+
chr3	121309226	121315226	FBXO40	0	+
chr3	126274808	126280808	C3orf22	0	-
chr3	126908974	126914974	C3orf56	0	+
chr3	127003889	127009889	PRR20G	0	-
chr3	128182811	128188811	DNAJB8	0	-
chr3	128776622	128782622	GP9	0	+
chr3	128876879	128882879	ISY1-RAB43	0	-
chr3	129244482	129250482	RHO	0	+
chr3	129259018	129265018	H1-8	0	+
chr3	130061359	130067359	COL6A5	0	+
chr3	132001254	132007254	CPNE4	0	-
chr3	138663059	138669059	FOXL2NB	0	+
chr3	140393906	140399906	TRIM42	0	+
chr3	149683172	149689172	ANKUB1	0	-
chr3	150656530	150662530	ENSG00000260234	0	-
chr3	151448704	151454704	AADACL2	0	+
chr3	154144979	154150979	GPR149	0	-
chr3	155008472	155014472	STRIT1	0	-
chr3	160164617	160170617	ENSG00000248710	0	-
chr3	161211596	161217596	OTOL1	0	+
chr3	164793284	164799284	SI	0	-
chr3	169626360	169632360	SAMD7	0	+
chr3	170741532	170747532	SLC2A2	0	-
chr3	183746332	183752332	HTR3D	0	+
chr3	183811852	183817852	HTR3E	0	+
chr3	186327849	186333849	AHSG	0	+
chr3	186375005	186381005	HRG	0	+
chr3	186912274	186918274	RTP1	0	+
chr3	187385182	187391182	SST	0	-
chr3	187417345	187423345	RTP2	0	-
chr3	190164690	190170690	TMEM207	0	-
chr3	191175952	191181952	PYDC2	0	+
chr3	194116995	194122995	GP5	0	-
chr3	196239217	196245217	SMCO1	0	-
chr4	567084	573084	TMEM271	0	-
chr4	1397230	1403230	NKX1-1	0	-
chr4	4225656	4231656	OTOP1	0	-
chr4	6199282	6205282	C4orf50	0	-
chr4	8557452	8563452	GPR78	0	+
chr4	9169135	9175135	FAM90A26	0	+
chr4	9209383	9215383	USP17L10	0	+
chr4	9214131	9220131	USP17L11	0	+
chr4	9218878	9224878	USP17L12	0	+
chr4	9223622	9229622	USP17L13	0	+
chr4	9233111	9239111	USP17L15	0	+
chr4	9242605	9248605	USP17L17	0	+
chr4	9247356	9253356	USP17L18	0	+
chr4	9252104	9258104	USP17L19	0	+
chr4	9256850	9262850	USP17L20	0	+
chr4	9261598	9267598	USP17L21	0	+
chr4	9266345	9272345	USP17L22	0	+
chr4	9271090	9277090	USP17L23	0	+
chr4	9323891	9329891	USP17L24	0	+
chr4	9328637	9334637	USP17L25	0	+
chr4	9333384	9339384	USP17L26	0	+
chr4	9338129	9344129	USP17L5	0	+
chr4	9342874	9348874	USP17L27	0	+
chr4	9347619	9353619	USP17L28	0	+
chr4	9352364	9358364	USP17L29	0	+
chr4	9361855	9367855	USP17L30	0	+
chr4	9443140	9449140	DEFB131A	0	+
chr4	10683392	10689392	CLNK	0	-
chr4	17513788	17519788	CLRN2	0	+
chr4	36280238	36286238	DTHD1	0	+
chr4	37243365	37249365	NWD2	0	+
chr4	42891730	42897730	GRXCR1	0	+
chr4	44447826	44453826	KCTD8	0	-
chr4	46123071	46129071	GABRG1	0	-
chr4	46474247	46480247	GABRA2	0	-
chr4	46992598	46998598	GABRA4	0	-
chr4	46992740	46998740	GABRB1	0	+
chr4	56682956	56688956	EXOC1L	0	+
chr4	65272186	65278186	TECRL	0	-
chr4	68746720	68752720	TMPRSS11D	0	-
chr4	68826858	68832858	TMPRSS11A	0	-
chr4	68992587	68998587	TMPRSS11F	0	-
chr4	69108412	69114412	TMPRSS11B	0	-
chr4	69678712	69684712	UGT2B10	0	+
chr4	70143193	70149193	UGT2B28	0	+
chr4	70388732	70394732	UGT2B4	0	-
chr4	70515967	70521967	UGT2A1	0	-
chr4	70828446	70834446	CSN2	0	-
chr4	70858683	70864683	STATH	0	+
chr4	70891172	70897172	HTN3	0	+
chr4	71197698	71203698	CABS1	0	+
chr4	71454973	71460973	AMBN	0	+
chr4	71491461	71497461	ENAM	0	+
chr4	72666758	72672758	GC	0	-
chr4	74344462	74350462	AFM	0	+
chr4	75477629	75483629	KNOWN	0	+
chr4	76820724	76826724	PPEF2	0	-
chr4	77169874	77175874	FAM47E-STBD1	0	+
chr4	80244215	80250215	NAA11	0	-
chr4	80326382	80332382	GK2	0	-
chr4	81253884	81259884	CFAP299	0	+
chr4	88526681	88532681	DSPP	0	+
chr4	89441927	89447927	PIGY	0	-
chr4	93222117	93228117	GRID2	0	+
chr4	94746904	94752904	ATOH1	0	+
chr4	96758244	96764244	PDHA2	0	+
chr4	99061627	99067627	STPG2	0	-
chr4	100353667	100359667	ADH7	0	-
chr4	100429169	100435169	C4orf17	0	+
chr4	100575985	100581985	C4orf54	0	-
chr4	104638142	104644142	TACR3	0	-
chr4	107286935	107292935	GIMD1	0	-
chr4	116032032	116038032	NDST4	0	-
chr4	120240293	120246293	FABP2	0	-
chr4	123297121	123303121	ADAD1	0	+
chr4	123539221	123545221	IL21	0	-
chr4	128648555	128654555	SLC25A31	0	+
chr4	141416531	141422531	MGAT4D	0	-
chr4	144618828	144624828	FREM3	0	-
chr4	144937533	144943533	GYPB	0	-
chr4	145058904	145064904	GYPA	0	-
chr4	147557045	147563045	POU4F2	0	+
chr4	147864034	147870034	TTC29	0	-
chr4	155508897	155514897	FGA	0	-
chr4	155699365	155705365	RBM46	0	+
chr4	159233463	159239463	RXFP1	0	+
chr4	163082156	163088156	FSTL5	0	-
chr4	164391906	164397906	TKTL2	0	-
chr4	165934610	165940610	TRIM60	0	+
chr4	165972018	165978018	TRIM75	0	+
chr4	172730405	172736405	GALNTL6	0	+
chr4	175747819	175753819	ADAM29	0	+
chr4	177195722	177201722	ASB5	0	-
chr4	184240579	184246579	CLDN24	0	-
chr4	185936644	185942644	HELT	0	+
chr4	187184343	187190343	F11	0	+
chr4	187473482	187479482	ENSG00000272297	0	-
chr4	189057595	189063595	TRIML1	0	+
chr4	190945412	190951412	FRG2	0	-
chr4	191002267	191008267	KNOWN	0	+
chr5	1198710	1204710	SLC6A19	0	+
chr5	1222496	1228496	SLC6A18	0	+
chr5	9709490	9715490	TAS2R1	0	-
chr5	16177871	16183871	MARCHF11	0	-
chr5	17441119	17447119	LINC02218	0	+
chr5	17489185	17495185	H3Y2	0	-
chr5	17607605	17613605	TAF11L12	0	+
chr5	17631569	17637569	TAF11L14	0	+
chr5	17652958	17658958	H3Y1	0	-
chr5	23440695	23446695	PRDM9	0	+
chr5	24642087	24648087	CDH10	0	-
chr5	27118257	27124257	CDH9	0	-
chr5	33933491	33939491	RXFP3	0	+
chr5	33981798	33987798	SLC45A2	0	-
chr5	35998130	36004130	UGT3A1	0	-
chr5	39368426	39374426	C9	0	-
chr5	41068444	41074444	MROH2B	0	-
chr5	50676282	50682282	ISL1	0	+
chr5	63255334	63261334	HTR1A	0	-
chr5	72466020	72472020	TMEM174	0	+
chr5	76931538	76937538	OTP	0	-
chr5	86531822	86537822	KNOWN	0	-
chr5	96475457	96481457	LIX1	0	-
chr5	114958858	114964858	TMED7-TICAM2	0	-
chr5	115365021	115371021	ARL14EPL	0	+
chr5	125964397	125970397	TEX43	0	+
chr5	129080787	129086787	MINAR2	0	+
chr5	131129676	131135676	ENSG00000273217	0	-
chr5	131393348	131399348	IL3	0	+
chr5	131988955	131994955	IL13	0	+
chr5	133703735	133709735	ENSG00000273345	0	-
chr5	134785041	134791041	TIFAB	0	-
chr5	135228530	135234530	IL9	0	-
chr5	135287672	135293672	LECT2	0	-
chr5	135698233	135704233	TRPC7	0	-
chr5	137416679	137422679	WNT8A	0	+
chr5	140427959	140433959	PCDHB1	0	+
chr5	143188726	143194726	HMHB1	0	+
chr5	143547437	143553437	KCTD16	0	+
chr5	145892753	145898753	GPR151	0	-
chr5	147579357	147585357	SPINK6	0	+
chr5	147688982	147694982	SPINK7	0	+
chr5	148053798	148059798	HTR4	0	-
chr5	150155319	150161319	SMIM3	0	+
chr5	150680327	150686327	SLC36A3	0	-
chr5	150724151	150730151	SLC36A2	0	-
chr5	151301412	151307412	GLRA1	0	-
chr5	151809929	151815929	NMUR2	0	-
chr5	153854787	153860787	HAND1	0	-
chr5	157095541	157101541	C5orf52	0	+
chr5	158754871	158760871	IL12B	0	-
chr5	160276221	160282221	ATP10B	0	-
chr5	161271069	161277069	GABRA1	0	+
chr5	171206436	171212436	SMIM23	0	+
chr5	171618176	171624176	EFCAB9	0	+
chr5	173397782	173403782	C5orf47	0	+
chr5	173469709	173475709	NSG2	0	+
chr5	174868185	174874185	DRD1	0	-
chr5	175220313	175226313	CPLX2	0	+
chr5	176054619	176060619	EIF4E1B	0	+
chr5	176803236	176809236	SLC34A1	0	+
chr5	176824662	176830662	PFN3	0	-
chr5	177420243	177426243	PROP1	0	-
chr5	179217981	179223981	LTC4S	0	+
chr5	180164058	180170058	OR2Y1	0	-
chr5	180412846	180418846	BTNL3	0	+
chr5	180555169	180561169	OR2V1	0	-
chr5	180571586	180577586	OR2V2	0	+
chr5	180791269	180797269	OR4F3	0	+
chr6	8061597	8067597	BLOC1S5-TXNDC5	0	-
chr6	10745027	10751027	ENSG00000272162	0	+
chr6	22300055	22306055	PRL	0	-
chr6	22566795	22572795	HDGFL1	0	+
chr6	25723790	25729790	H2AC1	0	-
chr6	25724005	25730005	H2BC1	0	+
chr6	25751927	25757927	SLC17A4	0	+
chr6	25879514	25885514	SLC17A3	0	-
chr6	25927919	25933919	SLC17A2	0	-
chr6	26015015	26021015	H1-1	0	-
chr6	27877174	27883174	OR2B2	0	-
chr6	28018943	28024943	OR2B8P	0	-
chr6	28492992	28498992	GPX6	0	-
chr6	29009952	29015952	OR2W1	0	-
chr6	29052090	29058090	OR2B3	0	-
chr6	29064267	29070267	OR2J1	0	+
chr6	29072835	29078835	OR2J3	0	+
chr6	29135684	29141684	OR2J2	0	+
chr6	29266478	29272478	OR14J1	0	+
chr6	29396744	29402744	OR5V1	0	-
chr6	29404083	29410083	OR10C1	0	+
chr6	29421932	29427932	OR2H1	0	+
chr6	30100901	30106901	TRIM40	0	+
chr6	30125988	30131988	TRIM10	0	-
chr6	30975251	30981251	MUC22	0	+
chr6	31018227	31024227	HCG22	0	+
chr6	31511385	31517385	ATP6V1G2-DDX39B	0	-
chr6	31671681	31677681	LY6G6F-LY6G6D	0	+
chr6	31971881	31977881	NOVEL	0	-
chr6	32336684	32342684	TSBP1	0	-
chr6	32371958	32377958	BTNL2	0	-
chr6	33768780	33774780	MLN	0	-
chr6	36301665	36307665	BNIP5	0	-
chr6	36662603	36668603	RAB44	0	+
chr6	38680087	38686087	DNAH8	0	+
chr6	39287744	39293744	KCNK16	0	-
chr6	41300346	41306346	NCR2	0	+
chr6	42880727	42886727	PTCRA	0	+
chr6	43260432	43266432	SLC22A7	0	+
chr6	46711670	46717670	ANKRD66	0	+
chr6	46758126	46764126	MEP1A	0	+
chr6	47650600	47656600	ADGRF4	0	+
chr6	47746718	47752718	OPN5	0	+
chr6	49751998	49757998	PGK2	0	-
chr6	49928877	49934877	DEFB114	0	-
chr6	49934338	49940338	DEFB113	0	-
chr6	49986707	49992707	DEFB110	0	-
chr6	50014642	50020642	DEFB112	0	-
chr6	50678239	50684239	TFAP2D	0	+
chr6	52048173	52054173	IL17A	0	+
chr6	52107487	52113487	IL17F	0	-
chr6	55189267	55195267	GFRAL	0	+
chr6	62993130	62999130	KHDRBS2	0	-
chr6	70573448	70579448	COL19A1	0	+
chr6	74060999	74066999	DPPA5	0	-
chr6	74069381	74075381	KHDC3L	0	+
chr6	74101856	74107856	OOEP	0	-
chr6	78170208	78176208	HTR1B	0	-
chr6	78356991	78362991	MEI4	0	+
chr6	86385451	86391451	ENSG00000271793	0	-
chr6	87644246	87650246	HTR1E	0	+
chr6	88754559	88760559	SPACA1	0	+
chr6	89937997	89943997	GABRR1	0	-
chr6	90601188	90607188	GJA10	0	+
chr6	100439123	100445123	MCHR2	0	-
chr6	112665532	112671532	RFPL4B	0	+
chr6	114661187	114667187	HS3ST5	0	-
chr6	116863847	116869847	TRAPPC3L	0	-
chr6	117147246	117153246	GPRC6A	0	-
chr6	123314380	123320380	CLVS2	0	+
chr6	127837146	127843146	ENSG00000255330	0	-
chr6	130179692	130185692	TMEM244	0	-
chr6	131145546	131151546	SMLR1	0	+
chr6	132856416	132862416	TAAR9	0	+
chr6	132870811	132876811	TAAR8	0	+
chr6	132888461	132894461	TAAR6	0	+
chr6	132907880	132913880	TAAR5	0	-
chr6	132942414	132948414	TAAR2	0	-
chr6	132977321	132983321	TAAR1	0	-
chr6	137812531	137818531	OLIG3	0	-
chr6	138696042	138702042	SMIM28	0	+
chr6	146345782	146351782	GRM1	0	+
chr6	146917103	146923103	ADGB	0	+
chr6	155773973	155779973	NOX3	0	-
chr6	160309020	160315020	MAS1	0	+
chr6	161082307	161088307	LPA	0	-
chr6	161120270	161126270	PLG	0	+
chr6	167522295	167528295	CCR6	0	+
chr6	167568468	167574468	GPR31	0	-
chr7	327136	333136	FOXL3	0	+
chr7	1269508	1275508	UNCX	0	+
chr7	4995844	5001844	MMD2	0	-
chr7	6007320	6013320	RSPH10B	0	-
chr7	6790734	6796734	RSPH10B2	0	+
chr7	8470239	8476239	NXPH1	0	+
chr7	15011402	15017402	DGKB	0	-
chr7	16563450	16569450	LRRC72	0	+
chr7	18064469	18070469	PRPS1L1	0	-
chr7	19182044	19188044	FERD3L	0	-
chr7	25265105	25271105	NPVF	0	-
chr7	27216632	27222632	ENSG00000257184	0	-
chr7	30788753	30794753	INMT-MINDY4	0	+
chr7	31377340	31383340	NEUROD6	0	-
chr7	31723829	31729829	PPP1R17	0	+
chr7	34694830	34700830	NPSR1	0	+
chr7	35290711	35296711	TBX20	0	-
chr7	42968813	42974813	ENSG00000256646	0	-
chr7	48961143	48967143	CDC14C	0	+
chr7	53100326	53106326	POM121L12	0	+
chr7	54607018	54613018	VSTM2A	0	+
chr7	55927448	55933448	SEPTIN14	0	-
chr7	57204571	57210571	KNOWN	0	-
chr7	63664581	63670581	ZNF735	0	+
chr7	65110280	65116280	NOVEL	0	-
chr7	76169614	76175614	SPDYE16	0	-
chr7	76658678	76664678	SPDYE17	0	-
chr7	86270225	86276225	GRM3	0	+
chr7	88386014	88392014	ZNF804B	0	+
chr7	97617481	97623481	OCM2	0	-
chr7	99153318	99159318	ENSG00000272647	0	+
chr7	99378871	99384871	CYP3A4	0	-
chr7	99422636	99428636	CYP3A43	0	+
chr7	100168523	100174523	SAP25	0	-
chr7	100251071	100257071	ACTL6B	0	-
chr7	100609846	100615846	MUC12	0	+
chr7	100660353	100666353	MUC17	0	+
chr7	100841319	100847319	MOGAT3	0	-
chr7	102280316	102286316	ENSG00000205236	0	-
chr7	102309110	102315110	POLR2J2	0	-
chr7	103966051	103972051	LHFPL3	0	+
chr7	107767806	107773806	LAMB4	0	-
chr7	113712975	113718975	PPP1R3A	0	-
chr7	122632754	122638754	TAS2R16	0	-
chr7	122837026	122843026	SLC13A1	0	-
chr7	123204064	123210064	ASB15	0	+
chr7	123292920	123298920	LMOD2	0	+
chr7	123466037	123472037	HYAL4	0	+
chr7	123562291	123568291	SPAM1	0	+
chr7	123670121	123676121	TMEM229A	0	-
chr7	124113425	124119425	SSU72P8	0	+
chr7	127255196	127261196	PAX4	0	-
chr7	136550399	136556399	CHRM2	0	+
chr7	137684070	137690070	AKR1D1	0	+
chr7	141405153	141411153	WEE2	0	+
chr7	141538287	141544287	PRSS37	0	-
chr7	141583948	141589948	OR9A1P	0	+
chr7	141954878	141960878	PRSS58	0	-
chr7	142454319	142460319	PRSS1	0	+
chr7	142627843	142633843	TRPV5	0	-
chr7	142721219	142727219	OR9A2	0	-
chr7	142746438	142752438	OR6V1	0	+
chr7	142877512	142883512	TAS2R39	0	+
chr7	143137546	143143546	TAS2R60	0	+
chr7	143171966	143177966	TAS2R41	0	+
chr7	143213562	143219562	OR10AC1	0	-
chr7	143265894	143271894	CTAGE15	0	+
chr7	143451789	143457789	CTAGE6	0	-
chr7	143629326	143635326	OR2F2	0	+
chr7	143648937	143654937	OR2F1	0	+
chr7	143694413	143700413	OR6B1	0	+
chr7	143743041	143749041	OR2A5	0	+
chr7	143763904	143769904	OR2A25	0	+
chr7	143780371	143786371	OR2A12	0	+
chr7	143803676	143809676	OR2A2	0	+
chr7	143817269	143823269	OR2A14	0	+
chr7	143933698	143939698	OR2A42	0	-
chr7	144006512	144012512	OR2A1	0	+
chr7	144104320	144110320	NOBOX	0	-
chr7	150868832	150874832	GBX1	0	-
chr7	150881919	150887919	ASB10	0	-
chr7	151650464	151656464	GALNTL5	0	+
chr7	154859034	154865034	HTR5A	0	+
chr7	155602157	155608157	SHH	0	-
chr8	114024	120024	OR4F21	0	-
chr8	6780598	6786598	DEFA6	0	-
chr8	6792828	6798828	DEFA4	0	-
chr8	6834614	6840614	DEFA1	0	-
chr8	6853720	6859720	DEFA1B	0	-
chr8	6872819	6878819	DEFA3	0	-
chr8	6911261	6917261	DEFA5	0	-
chr8	7111426	7117426	FAM90A15P	0	+
chr8	7119048	7125048	FAM90A3P	0	+
chr8	7134292	7140292	FAM90A13P	0	+
chr8	7141914	7147914	FAM90A5P	0	+
chr8	7149536	7155536	FAM90A20P	0	+
chr8	7186909	7192909	USP17L1	0	+
chr8	7191637	7197637	USP17L4	0	+
chr8	7240080	7246080	ZNF705G	0	-
chr8	7271385	7277385	DEFB4B	0	-
chr8	7284870	7290870	DEFB103B	0	-
chr8	7318196	7324196	SPAG11B	0	-
chr8	7329604	7335604	DEFB104B	0	-
chr8	7340922	7346922	DEFB106B	0	-
chr8	7342201	7348201	DEFB105B	0	+
chr8	7350433	7356433	DEFB107B	0	+
chr8	7394149	7400149	PRR23D1	0	+
chr8	7635935	7641935	PRR23D2	0	-
chr8	7670238	7676238	DEFB107A	0	-
chr8	7678402	7684402	DEFB105A	0	-
chr8	7679661	7685661	DEFB106A	0	+
chr8	7690958	7696958	DEFB104A	0	+
chr8	7702398	7708398	SPAG11A	0	+
chr8	7735914	7741914	DEFB103A	0	+
chr8	7749199	7755199	DEFB4A	0	+
chr8	7780859	7786859	ZNF705B	0	+
chr8	7827775	7833775	USP17L8	0	-
chr8	7832507	7838507	USP17L3	0	-
chr8	7871533	7877533	FAM90A11P	0	-
chr8	7879174	7885174	FAM90A24P	0	-
chr8	7886340	7892340	FAM90A12P	0	-
chr8	10694357	10700357	PINX1	0	-
chr8	11341403	11347403	BLK	0	+
chr8	11531468	11537468	GATA4	0	+
chr8	11615896	11621896	KNOWN	0	+
chr8	11829108	11835108	DEFB136	0	-
chr8	11836765	11842765	DEFB135	0	+
chr8	11855261	11861261	DEFB134	0	-
chr8	11926256	11932256	DEFB130B	0	-
chr8	11943847	11949847	ZNF705D	0	+
chr8	11988608	11994608	USP17L7	0	-
chr8	11993358	11999358	USP17L2	0	-
chr8	12172825	12178825	DEFB130A	0	-
chr8	15092940	15098940	SGCZ	0	-
chr8	16856854	16862854	FGF20	0	-
chr8	20037717	20043717	SLC18A1	0	-
chr8	23561269	23567269	NKX2-6	0	-
chr8	24295443	24301443	ADAM7	0	+
chr8	27334400	27340400	CHRNA2	0	-
chr8	36638842	36644842	KCNU1	0	+
chr8	39439008	39445008	ADAM18	0	+
chr8	42549509	42555509	CHRNB3	0	+
chr8	43144626	43150626	POTEA	0	+
chr8	49963870	49969870	PPDPFL	0	+
chr8	50819349	50825349	SNTG1	0	+
chr8	53370519	53376519	ST18	0	-
chr8	55418982	55424982	RP1	0	+
chr8	56011588	56017588	XKR4	0	+
chr8	57023541	57029541	MOS	0	-
chr8	59409722	59415722	CYP7A1	0	-
chr8	61966717	61972717	CLVS1	0	+
chr8	67087699	67093699	CRH	0	-
chr8	70980928	70986928	PRDM14	0	-
chr8	82356674	82362674	PMP2	0	-
chr8	82370814	82376814	FABP9	0	-
chr8	82499374	82505374	FABP12	0	-
chr8	85092022	85098022	RALYL	0	+
chr8	86572726	86578726	KNOWN	0	-
chr8	87875643	87881643	CNBD1	0	+
chr8	103560817	103566817	ODF1	0	+
chr8	107779472	107785472	ABRA	0	-
chr8	109092870	109098870	RSPO2	0	-
chr8	110095814	110101814	TRHR	0	+
chr8	114446168	114452168	CSMD3	0	-
chr8	124861227	124867227	FER1L6	0	+
chr8	133094902	133100902	ENSG00000258417	0	-
chr8	139506504	139512504	FAM135B	0	-
chr8	142521738	142527738	ENSG00000226490	0	+
chr8	143912663	143918663	GML	0	+
chr8	144159047	144165047	LY6L	0	+
chr8	144326280	144332280	ENSG00000264668	0	+
chr8	145434880	145440880	KNOWN	0	+
chr9	5228419	5234419	INSL4	0	+
chr9	6325375	6331375	TPD52L3	0	+
chr9	14719731	14725731	CER1	0	-
chr9	21138831	21144831	IFNW1	0	-
chr9	21163659	21169659	IFNA21	0	-
chr9	21184586	21190586	IFNA4	0	-
chr9	21199204	21205204	IFNA7	0	-
chr9	21204142	21210142	IFNA10	0	-
chr9	21214310	21220310	IFNA16	0	-
chr9	21225221	21231221	IFNA17	0	-
chr9	21237004	21243004	IFNA14	0	-
chr9	21302312	21308312	IFNA5	0	-
chr9	21348377	21354377	KNOWN	0	-
chr9	21365056	21371056	IFNA13	0	-
chr9	21382397	21388397	IFNA2	0	-
chr9	21406116	21412116	IFNA8	0	+
chr9	21437438	21443438	IFNA1	0	+
chr9	24542944	24548944	IZUMO3	0	-
chr9	32632667	32638667	TAF1L	0	-
chr9	34643628	34649628	ENSG00000258728	0	+
chr9	34726485	34732485	FAM205A	0	-
chr9	34892761	34898761	FAM205C	0	-
chr9	36000864	36006864	OR13C7	0	-
chr9	38065684	38071684	ENSG00000255872	0	-
chr9	39352666	39358666	SPATA31A1	0	+
chr9	39881975	39887975	KNOWN	0	+
chr9	40697291	40703291	KNOWN	0	+
chr9	41324364	41330364	KNOWN	0	-
chr9	41497679	41503679	KNOWN	0	+
chr9	42714234	42720234	KNOWN	0	+
chr9	43130544	43136544	KNOWN	0	-
chr9	43132095	43138095	NOVEL	0	+
chr9	43627730	43633730	KNOWN	0	-
chr9	44323077	44329077	KNOWN	0	-
chr9	46384031	46390031	KNOWN	0	-
chr9	47311322	47317322	NOVEL	0	-
chr9	65506610	65512610	KNOWN	0	-
chr9	67791111	67797111	KNOWN	0	-
chr9	67922210	67928210	NOVEL	0	-
chr9	69199204	69205204	KNOWN	0	-
chr9	69377597	69383597	KNOWN	0	-
chr9	70175815	70181815	FOXD4L5	0	-
chr9	70426731	70432731	KNOWN	0	-
chr9	70914783	70920783	FOXD4L3	0	+
chr9	71626029	71632029	PRKACG	0	-
chr9	74684637	74690637	C9orf57	0	-
chr9	79631571	79637571	FOXB2	0	+
chr9	84540343	84546343	SPATA31D4	0	+
chr9	84555415	84561415	SPATA31D3	0	+
chr9	84600687	84606687	SPATA31D1	0	+
chr9	90494792	90500792	SPATA31E1	0	+
chr9	90750390	90756390	SPATA31C2	0	-
chr9	97087926	97093926	NUTM2F	0	-
chr9	100704138	100710138	HEMGN	0	-
chr9	103201553	103207553	MSANTD3-TMEFF1	0	+
chr9	104144682	104150682	BAAT	0	-
chr9	105754593	105760593	CYLC2	0	+
chr9	107263544	107269544	OR13F1	0	+
chr9	107286490	107292490	OR13C4	0	-
chr9	107296137	107302137	OR13C3	0	-
chr9	107328449	107334449	OR13C8	0	+
chr9	107377485	107383485	OR13C9	0	-
chr9	107453799	107459799	OR13D1	0	+
chr9	111615266	111621266	ACTL7B	0	-
chr9	111621546	111627546	ACTL7A	0	+
chr9	113097164	113103164	TXNDC8	0	-
chr9	113428059	113434059	MUSK	0	+
chr9	114089504	114095504	OR2K2	0	-
chr9	114390666	114396666	DNAJC25-GNG10	0	+
chr9	114554288	114560288	SHOC1	0	-
chr9	125270081	125276081	OR1J2	0	+
chr9	125286575	125292575	OR1N1	0	-
chr9	125312391	125318391	OR1N2	0	+
chr9	125374017	125380017	OR1Q1	0	+
chr9	125420845	125426845	OR1L1	0	+
chr9	125434409	125440409	OR1L3	0	+
chr9	125483269	125489269	OR1L4	0	+
chr9	125501582	125507582	OR1L6	0	+
chr9	125548212	125554212	OR5C1	0	+
chr9	131898692	131904692	ENSG00000235007	0	+
chr9	135454993	135460993	BARHL1	0	+
chr9	136390734	136396734	MYMK	0	-
chr9	136471511	136477511	FAM163B	0	-
chr9	138410284	138416284	LCN1	0	+
chr9	138493191	138499191	ENSG00000236543	0	+
chr9	138528386	138534386	GLT6D1	0	-
chr9	138552155	138558155	LCN9	0	+
chr9	139093974	139099974	LHX3	0	-
chr9	139639905	139645905	ENSG00000204003	0	-
chr9	140063436	140069436	ENSG00000261793	0	-
chrX	582079	588079	SHOX	0	+
chrX	6450159	6456159	VCX3A	0	-
chrX	8136308	8142308	VCX2	0	-
chrX	8766424	8772424	FAM9A	0	-
chrX	9260722	9266722	FAM9B	0	-
chrX	11837542	11843542	FRMPD4	0	+
chrX	13335172	13341172	ATXN3L	0	-
chrX	14544420	14550420	GLRA2	0	+
chrX	15330762	15336762	ASB11	0	-
chrX	18236006	18242006	BEND2	0	-
chrX	23015077	23021077	DDX53	0	+
chrX	24329186	24335186	SUPT20HL2	0	-
chrX	24375756	24381756	SUPT20HL1	0	+
chrX	26153460	26159460	MAGEB18	0	+
chrX	26175718	26181718	MAGEB6B	0	+
chrX	26207557	26213557	MAGEB6	0	+
chrX	26231286	26237286	MAGEB5	0	+
chrX	27478458	27484458	PPP4R3C	0	-
chrX	27605461	27611461	DCAF8L2	0	+
chrX	27823107	27829107	MAGEB10	0	+
chrX	28602563	28608563	IL1RAPL1	0	+
chrX	30230680	30236680	MAGEB2	0	+
chrX	30245774	30251774	MAGEB3	0	+
chrX	30324507	30330507	NR0B1	0	-
chrX	31087158	31093158	FTHL17	0	-
chrX	34147431	34153431	FAM47A	0	-
chrX	34957913	34963913	FAM47B	0	+
chrX	35813459	35819459	MAGEB16	0	+
chrX	37023439	37029439	FAM47C	0	+
chrX	37205583	37211583	ENSG00000250349	0	+
chrX	40479680	40485680	MPC1L	0	+
chrX	41303596	41309596	NYX	0	+
chrX	42634414	42640414	PPP1R2C	0	-
chrX	44700267	44706267	DUSP21	0	+
chrX	47987008	47993008	SPACA5B	0	+
chrX	48053231	48059231	SSX5	0	-
chrX	48111827	48117827	SSX1	0	+
chrX	48213142	48219142	SSX3	0	-
chrX	49175516	49181516	GAGE12J	0	+
chrX	49185094	49191094	KNOWN	0	+
chrX	49194607	49200607	KNOWN	0	+
chrX	49204160	49210160	KNOWN	0	+
chrX	49213659	49219659	KNOWN	0	+
chrX	49223182	49229182	KNOWN	0	+
chrX	49232708	49238708	KNOWN	0	+
chrX	49291472	49297472	GAGE12B	0	+
chrX	49293780	49299780	GAGE12C	0	+
chrX	49303336	49309336	GAGE12D	0	+
chrX	49312881	49318881	GAGE12F	0	+
chrX	49332003	49338003	GAGE12G	0	+
chrX	49341552	49347552	GAGE12H	0	+
chrX	49351099	49357099	GAGE2A	0	+
chrX	49360623	49366623	GAGE1	0	+
chrX	49590863	49596863	PAGE4	0	+
chrX	49962658	49968658	AKAP4	0	-
chrX	50650735	50656735	BMP15	0	+
chrX	51358764	51364764	CENPVL3	0	-
chrX	51450608	51456608	CENPVL1	0	+
chrX	51809315	51815315	MAGED4B	0	-
chrX	51924972	51930972	MAGED4	0	+
chrX	52109164	52115164	XAGE2	0	+
chrX	52232228	52238228	KNOWN	0	+
chrX	52257363	52263363	KNOWN	0	-
chrX	52508761	52514761	KNOWN	0	+
chrX	52530303	52536303	KNOWN	0	-
chrX	52543197	52549197	KNOWN	0	-
chrX	52680950	52686950	SSX7	0	-
chrX	52733228	52739228	SSX2	0	-
chrX	52823467	52829467	SPANXN5	0	-
chrX	52837311	52843311	XAGE5	0	+
chrX	52894114	52900114	XAGE3	0	-
chrX	55288349	55294349	PAGE3	0	-
chrX	55646833	55652833	FOXR2	0	+
chrX	57703693	57709693	NLRP2B	0	-
chrX	63447487	63453487	ASB12	0	-
chrX	69279307	69285307	OTUD6A	0	+
chrX	69394333	69400333	DGAT2L6	0	+
chrX	69451505	69457505	AWAT1	0	+
chrX	70935135	70941135	CXorf49	0	-
chrX	70980199	70986199	CXorf49B	0	+
chrX	71993714	71999714	DMRTC1B	0	+
chrX	72219778	72225778	PABPC1L2B	0	+
chrX	72296351	72302351	PABPC1L2A	0	-
chrX	72663889	72669889	CDX4	0	+
chrX	73521015	73527015	ZCCHC13	0	+
chrX	79588003	79594003	TENT5D	0	+
chrX	83113134	83119134	CYLC1	0	+
chrX	85400455	85406455	DACH2	0	+
chrX	87999226	88005226	CPXCR1	0	+
chrX	89173907	89179907	TGIF2LX	0	+
chrX	105279718	105285718	SERPINA7	0	-
chrX	107222600	107228600	TEX13B	0	-
chrX	108722315	108728315	GUCY2F	0	-
chrX	109761124	109767124	TDGF1P3	0	+
chrX	110652657	110658657	DCX	0	-
chrX	110751873	110757873	SERTM2	0	+
chrX	111323004	111329004	TRPC5	0	-
chrX	111323244	111329244	RTL4	0	+
chrX	114521281	114527281	LUZP4	0	+
chrX	115298997	115304997	AGTR2	0	+
chrX	118281542	118287542	KIAA1210	0	-
chrX	119208655	119214655	RHOXF2B	0	-
chrX	119289519	119295519	RHOXF2	0	+
chrX	119492940	119498940	ATP1B4	0	+
chrX	120006720	120012720	CT47B1	0	-
chrX	120063155	120069155	CT47A12	0	-
chrX	120068012	120074012	CT47A11	0	-
chrX	120072877	120078877	CT47A10	0	-
chrX	120077737	120083737	CT47A9	0	-
chrX	120082598	120088598	CT47A8	0	-
chrX	120087454	120093454	CT47A7	0	-
chrX	120092341	120098341	CT47A6	0	-
chrX	120097202	120103202	CT47A5	0	-
chrX	120102062	120108062	CT47A4	0	-
chrX	120106922	120112922	CT47A3	0	-
chrX	120111782	120117782	CT47A2	0	-
chrX	120116614	120122614	CT47A1	0	-
chrX	125683797	125689797	DCAF12L1	0	-
chrX	127183382	127189382	ACTRT1	0	-
chrX	129516648	129522648	GPR119	0	-
chrX	132228137	132234137	USP26	0	-
chrX	134251454	134257454	ETDB	0	-
chrX	134302322	134308322	CT55	0	-
chrX	134844185	134850185	KNOWN	0	+
chrX	134863214	134869214	KNOWN	0	+
chrX	134880488	134886488	KNOWN	0	+
chrX	134950994	134956994	KNOWN	0	-
chrX	134968244	134974244	KNOWN	0	-
chrX	134968363	134974363	SAGE1	0	+
chrX	135380122	135386122	ADGRG4	0	+
chrX	135567106	135573106	BRS3	0	+
chrX	136113154	136119154	GPR101	0	-
chrX	138609898	138615898	F9	0	+
chrX	139044680	139050680	CXorf66	0	-
chrX	139170837	139176837	ENSG00000230707	0	+
chrX	139584234	139590234	SOX3	0	-
chrX	140081759	140087759	SPANXB1	0	+
chrX	140333650	140339650	SPANXC	0	-
chrX	140669860	140675860	SPANXA1	0	-
chrX	140674835	140680835	SPANXA2	0	+
chrX	140783896	140789896	SPANXD	0	-
chrX	142110714	142116714	SPANXN4	0	+
chrX	142602303	142608303	SPANXN3	0	-
chrX	144326023	144332023	SPANXN1	0	+
chrX	145888289	145894289	CXorf51B	0	+
chrX	145893262	145899262	CXorf51A	0	-
chrX	148666116	148672116	KNOWN	0	-
chrX	148852726	148858726	HSFX1	0	+
chrX	148860584	148866584	KNOWN	0	+
chrX	150342056	150348056	GPR50	0	+
chrX	150729147	150735147	PASD1	0	+
chrX	151304050	151310050	MAGEA10	0	-
chrX	151880075	151886075	MAGEA2B	0	+
chrX	152242978	152248978	KNOWN	0	-
chrX	152340394	152346394	KNOWN	0	-
chrX	152584225	152590225	PNMA6F	0	-
chrX	153406717	153412717	OPN1LW	0	+
chrX	153482225	153488225	OPN1MW2	0	+
chrX	153844533	153850533	CTAG1B	0	-
chrX	153878853	153884853	CTAG2	0	-
chrX	154059937	154065937	SMIM9	0	-
chrY	532079	538079	SHOX	0	+
chrY	2652723	2658723	SRY	0	-
chrY	2706643	2712643	RPS4Y1	0	+
chrY	2800322	2806322	ZFY	0	+
chrY	3444108	3450108	TGIF2LY	0	+
chrY	4865267	4871267	PCDH11Y	0	+
chrY	6111264	6117264	KNOWN	0	+
chrY	6775727	6781727	TBL1Y	0	+
chrY	9172073	9178073	TSPY4	0	+
chrY	9192406	9198406	TSPY8	0	+
chrY	9233030	9239030	TSPY3	0	+
chrY	9301564	9307564	TSPY1	0	+
chrY	9321876	9327876	TSPY9	0	+
chrY	9362489	9368489	TSPY10	0	+
chrY	14646585	14652585	USP9Y	0	+
chrY	15013019	15019019	DDX3Y	0	+
chrY	15589553	15595553	UTY	0	-
chrY	15812779	15818779	TMSB4Y	0	+
chrY	16095353	16101353	VCY	0	-
chrY	16165107	16171107	VCY1B	0	+
chrY	16631453	16637453	NLGN4Y	0	+
chrY	19989100	19995100	CDY2B	0	-
chrY	20134667	20140667	CDY2A	0	+
chrY	20705577	20711577	HSFY1	0	+
chrY	20932621	20938621	HSFY2	0	-
chrY	21903825	21909825	KDM5D	0	-
chrY	22734662	22740662	EIF1AY	0	+
chrY	23670258	23676258	RBMY1A1	0	+
chrY	24037673	24043673	RBMY1D	0	-
chrY	24061189	24067189	RBMY1E	0	-
chrY	24239154	24245154	PRY2	0	-
chrY	24326129	24332129	RBMY1F	0	-
chrY	24546557	24552557	RBMY1J	0	+
chrY	24633544	24639544	PRY	0	+
chrY	25116966	25122966	BPY2	0	+
chrY	25342157	25348157	DAZ1	0	-
chrY	25362594	25368594	DAZ2	0	+
chrY	26191166	26197166	CDY1B	0	-
chrY	26750707	26756707	BPY2B	0	+
chrY	26956639	26962639	DAZ3	0	-
chrY	26976990	26982990	DAZ4	0	+
chrY	27205695	27211695	BPY2C	0	-
chrY	27765264	27771264	CDY1	0	+
